"Id","GenreName","ArtistName","Title","AlbumArtUrl","Price","ParentalCaution","Cutout","UPC","ReleaseDate","CorrelationId","DistributorId","id"
"208","Country","Hank Williams","Your Cheatin' Heart","/Content/Images/placeholder.gif","0.99","False","False","ka8DWF6q  ","1998-12-20T00:00:00.0000000","890af384-38b0-4def-8310-45531857ca33","null","87389384-24db-4d51-b48e-e578ab35ef97"
"209","Metal","Bruce Dickinson","Chemical Wedding","/Content/Images/placeholder.gif","0.99","False","False","2Xmo3R78  ","1999-10-16T00:00:00.0000000","3d2fe3b3-e3b7-4d2a-8f58-2255f6c01649","null","8df166b3-90c9-4fad-a639-f1fa4b9a6048"
"210","Classical","Britten Sinfonia, Ivor Bolton & Lesley Garrett","A Soprano Inspired","/Content/Images/placeholder.gif","0.99","False","False","pR6KhntT  ","2005-03-22T00:00:00.0000000","23c7a5c1-bb0c-45ec-9d49-1c4806e58df7","null","c0613e5d-779b-45cb-94f3-dff468702f52"
"211","Classical","Boston Symphony Orchestra & Seiji Ozawa","Carmina Burana","/Content/Images/placeholder.gif","0.99","False","False","6WTmoqG4  ","2004-12-14T00:00:00.0000000","f491fb4d-99f1-4b15-b48a-67487b64b943","null","4e446df1-7df1-484f-9569-2a8056e4cfcc"
"212","Metal","Black Sabbath","Every Day Comes and Goes ","/Content/Images/placeholder.gif","0.99","False","False","kDR87pOw  ","1996-03-29T00:00:00.0000000","cd7afa93-6e12-4bdf-b9ea-2fb23b90a4e6","null","78e5da4a-a84e-4008-9cce-49af16509820"
"213","Metal","Black Sabbath","Wheels of Confusion ","/Content/Images/placeholder.gif","0.99","False","False","RdZnj9Ai  ","2006-07-01T00:00:00.0000000","48d97669-ea00-46a5-a633-4862db49cf48","null","f2f72736-f3cb-438c-8172-e0fecc73f9d8"
"214","Metal","Black Label Society","Superterrorizer","/Content/Images/placeholder.gif","0.99","True","False","YMJb7ISD  ","1995-02-02T00:00:00.0000000","f36d1b69-5e4b-4930-8635-efba5a9dd16f","null","76db3405-87d4-4637-b960-d33c28346783"
"215","Metal","Black Label Society","Alcohol Fueled Brewtality Live!","/Content/Images/placeholder.gif","0.99","False","False","VgCGghb4  ","2006-02-15T00:00:00.0000000","b810a30d-e947-4461-aeff-a426cf353d43","null","3017eaf7-ff23-4853-8aa6-6ca2899538f5"
"216","Jazz","Billy Cobham","Quadrant 4","/Content/Images/placeholder.gif","0.99","False","False","YmkBsABT  ","2004-11-16T00:00:00.0000000","52424958-502c-4c17-acef-cb6d6ceb4eb1","null","cdc00ea0-7a29-408e-a795-b0442f252178"
"217","Latin","Caetano Veloso","Prenda Minha","/Content/Images/placeholder.gif","0.99","False","False","UHeGFFyn  ","2005-08-08T00:00:00.0000000","edcb8a95-83fc-4038-8907-75243b053b1a","null","53eb6aa3-8fa5-474e-87de-8a988e2d1a29"
"218","Classical","Berliner Philharmoniker & Herbert Von Karajan","Mozart: Symphonies Nos. 40 & 41","/Content/Images/placeholder.gif","0.99","False","False","2QDUqRk0  ","1996-12-19T00:00:00.0000000","cc0aefba-d407-481f-bd5c-26aaa8e27ab7","null","fad4c1ef-56b3-495b-898a-6e2470374a60"
"219","Classical","Barry Wordsworth & BBC Concert Orchestra","The Last Night of the Proms","/Content/Images/placeholder.gif","0.99","False","False","8btSe7Km  ","2008-06-09T00:00:00.0000000","846d5e42-d077-41fa-8cd5-868a952516b2","null","2e2b01ca-51b7-47f6-922c-b4f658adbaae"
"220","Alternative","Audioslave","Revelations","/Content/Images/placeholder.gif","0.99","False","False","0857UF6S  ","2013-03-02T00:00:00.0000000","bb8086b2-9d8f-44b5-af1f-3fcda3380d4f","null","5ea54bf8-ba5c-4e59-b400-818b0db4d8a9"
"221","Rock","Audioslave","Until We Fall","/Content/Images/placeholder.gif","0.99","False","False","3cJvHK8z  ","2010-04-07T00:00:00.0000000","2c7f8ca1-f937-4f17-92e5-ac2b50d844e9","null","f24116a6-aa39-4d68-a709-6f04ea369194"
"222","Metal","Apocalyptica","Master of Puppets","/Content/Images/placeholder.gif","0.99","False","False","DGFDBGTp  ","2013-07-14T00:00:00.0000000","a010c427-945b-4ced-967a-800fb06f526b","null","fd093fe6-0cb3-4d1a-ab08-4356803fc590"
"223","Latin","Antônio Carlos Jobim","Chill Brazil","/Content/Images/placeholder.gif","0.99","False","False","zFZm8tN5  ","2013-04-25T00:00:00.0000000","cde4c712-042e-4c71-a6eb-30de0c4c6fca","null","e11de8e9-f04d-41a9-807b-16b4ad62f3e9"
"224","Jazz","Antônio Carlos Jobim","Warner 25 Anos","/Content/Images/placeholder.gif","0.99","False","False","xDqhnOIz  ","2015-07-03T00:00:00.0000000","f249f0db-aad6-4a8e-9ef8-f58858be500c","null","30c2377e-c150-42d1-9866-1aa3a966eb11"
"225","Disco","Anita Ward","Ring My Bell","/Content/Images/placeholder.gif","0.99","False","False","rtlzX20W  ","1995-11-18T00:00:00.0000000","eeee6040-31f2-4dd4-9bdf-978c4d25c582","null","59c20bad-1bbb-4b6b-9a56-8e2a7e9b9952"
"226","Pop","Amy Winehouse","Frank","/Content/Images/placeholder.gif","0.99","False","False","aoStadgQ  ","2000-06-07T00:00:00.0000000","591678fe-e31a-4aea-b417-c92882fd80d2","null","500fa4e9-e487-41cd-ad12-6d2467486eb1"
"227","Classical","Berliner Philharmoniker & Hans Rosbaud","Symphony No. 1 in E Minor","/Content/Images/placeholder.gif","0.99","False","False","AOUw6irb  ","2003-12-07T00:00:00.0000000","29d778da-9190-4576-9c05-05a4714069cb","null","94e79850-6b99-42e2-b355-442ccf0946dc"
"228","Latin","Caetano Veloso","Sozinho Remix Ao Vivo","/Content/Images/placeholder.gif","0.99","False","False","KTPhKmBT  ","2011-07-02T00:00:00.0000000","d7479527-7129-4688-b785-4e974337ab53","null","70f908c9-e2ec-49a0-b405-9f8e6a59b296"
"229","Alternative","Cake","War Pigs","/Content/Images/placeholder.gif","0.99","False","False","P8GtWk0G  ","2005-05-18T00:00:00.0000000","e999552a-1800-4f3e-8368-4bd91850dcf7","null","dc94583c-8528-4737-b207-37b871c58a48"
"230","Alternative","Calexico","Carried to Dust","/Content/Images/placeholder.gif","0.99","True","False","TbkiRPoz  ","2011-03-04T00:00:00.0000000","cc61d1d0-0644-4ec5-9ff9-dca165ee7ea7","null","049042aa-e6ac-4de5-8ea6-99ae460f391a"
"231","Classical","English Concert & Trevor Pinnock","Pachelbel: Canon & Gigue","/Content/Images/placeholder.gif","0.99","False","False","m0FlVmxZ  ","2002-02-06T00:00:00.0000000","8726b954-dc47-4921-9268-4a1a606957d1","null","628c1135-34ac-4e53-908b-e2b1abb3b707"
"232","Latin","Elis Regina","Elis Regina-Minha História","/Content/Images/placeholder.gif","0.99","False","False","5q12grxZ  ","2010-08-17T00:00:00.0000000","84493db4-ff43-4705-a77f-0ef4ca8ac506","null","b9dcf97f-d7d9-473c-96b2-c7064471d11d"
"233","Classical","Edo de Waart & San Francisco Symphony","Adams, John: The Chairman Dances","/Content/Images/placeholder.gif","0.99","False","False","0zTsN2mH  ","2007-06-02T00:00:00.0000000","e5e70fe2-bbed-4455-900e-be196af53739","null","fc35f019-fc9f-4897-9e3e-4fd7f260ac61"
"234","Latin","Ed Motta","Cassiano","/Content/Images/placeholder.gif","0.99","False","False","1qm7bbZV  ","1999-12-23T00:00:00.0000000","f60fabde-0191-4102-b3ea-1cc44ae2ae6d","null","6aa62bf4-3ec3-45b9-8980-ba84fd368dad"
"235","Disco","Donna Summer","MacArthur Park","/Content/Images/placeholder.gif","0.99","False","False","nkhUwHX4  ","1997-04-14T00:00:00.0000000","fd01f6bd-b0e0-42e3-87ce-91e2f7f4cbed","null","4729a9b9-3344-4d14-a945-5cc6365f1dce"
"236","Latin","Djavan","Oceano","/Content/Images/placeholder.gif","0.99","False","False","uVdK3918  ","2002-06-25T00:00:00.0000000","a67c0ae8-db9f-442c-a68d-d93d01bf5116","null","638edc1b-b92d-4518-bb95-47a050c4e974"
"237","Latin","Djavan","Um Amor Puro","/Content/Images/placeholder.gif","0.99","False","False","WYYzeiyz  ","2006-01-23T00:00:00.0000000","83b45ec3-df7b-454b-a14e-b1890e8ad2ba","null","0f6eead8-b2d4-4794-8fee-82c5e6f7d288"
"238","Jazz","Dennis Chambers","Outbreak","/Content/Images/placeholder.gif","0.99","False","False","oDB5z82Y  ","1999-04-12T00:00:00.0000000","8aac1ae6-7e3e-4c87-aa7c-d7b6d9dcd1e2","null","a800ad7d-5c47-410f-8d3e-9b5fee07c892"
"239","Latin","Cláudio Zoli","Na Pista","/Content/Images/placeholder.gif","0.99","False","False","em3nGuiV  ","2004-12-10T00:00:00.0000000","9826e7c0-422c-4dee-ac8a-fbae6bbf1c8c","null","b07f754e-957e-46a2-a98f-0cf629f9e925"
"240","Reggae","Cidade Negra","Monte Castelo","/Content/Images/placeholder.gif","0.99","False","False","1qAG1XVM  ","2007-02-03T00:00:00.0000000","a196bbac-771d-4b70-9fcb-db8c498ce438","null","42b798ab-a2d7-45db-98a5-1ce00eb702e6"
"241","Reggae","Cidade Negra","Acústico MTV","/Content/Images/placeholder.gif","0.99","False","False","P6HCk9SI  ","1997-09-26T00:00:00.0000000","74db4273-ddfb-4cf7-bed6-1c102ff3ab3b","null","aa5d5d29-afd7-488b-91df-0ab344663f3b"
"242","Classical","Christopher O'Riley","SCRIABIN: Vers la flamme","/Content/Images/placeholder.gif","0.99","False","False","CDcPLgwK  ","2005-10-21T00:00:00.0000000","5533752d-412d-493b-8aba-3887c10701e2","null","314aa07c-1f10-4ecc-b5d5-d6edb3245982"
"243","Alternative","Chris Cornell","Carry On","/Content/Images/placeholder.gif","0.99","False","False","Zve27Ho2  ","2013-02-26T00:00:00.0000000","ab86f769-e2f3-49c5-befe-d26a445e39ca","null","0e64693e-1aea-46e3-b2ef-4a3b0beddd6b"
"244","Latin","Chico Science & Nação Zumbi","Da Lama Ao Caos","/Content/Images/placeholder.gif","0.99","False","False","hvSSLi3I  ","1995-07-05T00:00:00.0000000","c10cc4f7-b3c3-4bf1-8355-3778705885e1","null","21b829f9-58dc-4b77-be4f-ed0390b20835"
"245","Latin","Chico Science & Nação Zumbi","Afrociberdelia","/Content/Images/placeholder.gif","0.99","False","False","u3V0kvGG  ","2014-03-04T00:00:00.0000000","4e3cc483-1a7e-4c1b-98fa-1e0231bc95dc","null","fded68a9-4eaa-4846-a965-402fb58a7c64"
"246","Latin","Chico Buarque","Minha Historia","/Content/Images/placeholder.gif","0.99","False","False","LpFJGHre  ","2018-06-02T00:00:00.0000000","792acb92-7c9a-487e-8ac2-654aac6c10f5","null","b24f5fdc-1457-4fa4-9c84-d181bc61892b"
"247","Classical","Chicago Symphony Orchestra & Fritz Reiner","Scheherazade","/Content/Images/placeholder.gif","0.99","False","False","1jfodwDS  ","2007-05-16T00:00:00.0000000","0ef4f777-e517-4fad-9c13-c0c83d91f516","null","8aede305-23a1-4493-9717-05e931706fa2"
"248","Disco","More Chics","Le Freak","/Content/Images/placeholder.gif","0.99","False","False","iTc2zdps  ","2016-07-30T00:00:00.0000000","cebbfba5-cf26-4252-bc9f-097b35193d26","null","2717a729-141f-4d61-8e5d-111297ef6051"
"249","Latin","Cássia Eller","Cássia Eller - Sem Limite","/Content/Images/placeholder.gif","0.99","False","False","xU229dEx  ","2006-11-14T00:00:00.0000000","67b8ee4b-00e0-40d5-a947-71ad2d7a4b51","null","33f408c7-487d-4235-b049-dcfb04047890"
"250","Jazz","Aisha Duo","Beneath an Evening Sky ","/Content/Images/placeholder.gif","0.99","False","False","q7dES2Iy  ","2018-02-23T00:00:00.0000000","8b22d0bc-8add-4449-8ed1-30125ffd579c","null","de60bcc4-5302-446d-86d5-a566e43a7e5b"
"251","Blues","Eric Clapton","Bell Bottom Blues","/Content/Images/placeholder.gif","0.99","False","False","4jOMjF7J  ","2008-03-26T00:00:00.0000000","59dc678a-2778-4f8b-8acd-7c611512984c","null","4491b60c-2d1d-49da-8a0b-12b0f47a5a7e"
"252","Classical","Adrian Leaper & Doreen de Feis","Symphony No. 3: III. Lento - Cantablile Semplice ","/Content/Images/placeholder.gif","0.99","False","False","GtZEm8ua  ","2006-12-02T00:00:00.0000000","0c0033c0-eb9c-4bb7-a1c6-c26a665da981","null","0729440d-20b4-4955-8788-345f35f56b91"
"253","Classical","Aaron Copland & London Symphony Orchestra","The World Feels Dusty","/Content/Images/placeholder.gif","0.99","False","False","R8bqZV5j  ","2013-06-21T00:00:00.0000000","33ce1403-79eb-4f41-9061-6cb4c0bfa719","null","f5585697-c928-4336-b98f-7c6762575dfe"
"254","Rock","BTO","You Ain't Seen Nothing Yet","/Content/Images/placeholder.gif","0.99","False","False","AZORVM5d  ","2002-04-10T00:00:00.0000000","36dbed47-ccb9-4d4c-9f94-9bb87a338edf","null","39aeb122-d88b-4793-a30c-8357166bf0fa"
"255","Rock","Stevie Ray Vaughan","Pride and Joy","/Content/Images/placeholder.gif","0.99","True","False","sd8LjtuN  ","2018-04-18T00:00:00.0000000","df9ef039-985c-4559-84e1-dfdece66d45d","null","a192e950-ba6f-4cfc-9a06-fb4e784a5e25"
"256","Rock","Stevie Ray Vaughan","The Sky Is Crying","/Content/Images/placeholder.gif","0.99","False","False","p8yyVeuY  ","2016-05-14T00:00:00.0000000","f8a78006-2e5b-4164-bd68-b260a9c2ac5b","null","abdc8290-fb93-4d4a-acf7-9ff1bdd3ccb0"
"257","Rock","Ted Nugent","Hey Baby","/Content/Images/placeholder.gif","0.99","True","False","sSSIEpIa  ","2009-11-04T00:00:00.0000000","f9fc4e41-b368-4545-9a88-f8092f2944d2","null","72fbfa34-303e-41e9-b62f-220c29d8f898"
"258","Rock","Ted Nugent","Stranglehold","/Content/Images/placeholder.gif","0.99","False","False","xrfYrrfJ  ","2007-12-20T00:00:00.0000000","0b8f3d7b-1205-49c7-8e3e-594187a113bb","null","691025ce-537b-4bc9-80ef-4d428386a135"
"259","Rock","Allman Brothers","Jessica","/Content/Images/placeholder.gif","0.99","False","False","2CwonHEz  ","2015-11-18T00:00:00.0000000","f3d345be-a62b-4708-82a9-1954bc3b01b8","null","df879228-e69b-4e38-81f9-b4dbe3041dbc"
"260","Rock","The Kingsmen","Louie Louie","/Content/Images/placeholder.gif","0.99","False","False","S9w5aR5m  ","2009-08-19T00:00:00.0000000","52a6e090-ce5c-4431-890b-cfe05b2a3996","null","8f559053-7be1-4de6-a6ec-d4737d62b3c5"
"261","Rock","Peter Frampton","Do You Feel Like We Do","/Content/Images/placeholder.gif","0.99","False","False","n0mWoVth  ","2007-11-03T00:00:00.0000000","72fdb608-a359-45d6-b724-a45ecbc94c31","null","ff5af9c4-30a6-45e5-9e9e-99b867a9e4d2"
"262","Rock","Deep Purple","Smoke on the Water","/Content/Images/placeholder.gif","0.99","False","False","hzR3st19  ","2006-01-01T00:00:00.0000000","01576693-3eda-4c5a-b0e6-a7bb557643d7","null","19952010-3169-487b-80c7-efa6e38fc034"
"263","Rock","Rick Derringer","Rock 'n Roll Hootchie Koo","/Content/Images/placeholder.gif","0.99","False","False","63f1VOu0  ","2005-07-22T00:00:00.0000000","c9a4ba34-e48e-46c5-8e7e-54234adfd8ee","null","5565d86e-a7bc-423d-9a52-f27d402066c6"
"264","Rock","Animals","House of the Rising Sun","/Content/Images/placeholder.gif","0.99","False","False","YZvLPvTB  ","2009-10-06T00:00:00.0000000","3a9a92a6-469e-4bc8-abc0-442d1c330ff9","null","89b3814b-92a4-4359-ba59-e8bac9cc2915"
"265","Rock","CSN&Y","Ohio","null","0.97","False","False","H0utCnHh  ","null","00000000-0000-0000-0000-000000000000","null","96caefd5-f53e-4968-9c02-433ac3fad2f1"
"266","Rock","Janis Joplin","Me and Bobby McGee","/Content/Images/placeholder.gif","0.99","False","False","7dVZpdWN  ","2003-06-26T00:00:00.0000000","8cf5ce8d-698c-4890-a9ae-7717ef557141","null","068dcda3-c0e3-449a-b9b1-a2b12e55cbd3"
"267","Rock","Doobie Brothers","Long Train Running","/Content/Images/placeholder.gif","0.99","False","False","VTcTDfWM  ","2015-09-11T00:00:00.0000000","1cbf1058-d3cf-4b8d-bb74-a6c1b3ef3c76","null","1891371b-06cf-4135-8920-d6f966119112"
"268","Rock","Doobie Brothers","Black Water","/Content/Images/placeholder.gif","0.99","False","False","FE2Y0MVj  ","2013-07-10T00:00:00.0000000","9cf5cbac-e9b4-4386-80f1-082da3f075cf","null","67d5e4a0-b311-4c3c-bc9f-9753887be94e"
"269","Rock","Free","All Right Now","/Content/Images/placeholder.gif","0.99","False","False","C8K4o6PH  ","1998-06-23T00:00:00.0000000","52f8a9c6-8b0f-474e-bcda-c8b5176d19f6","null","d1b85412-672a-4dc4-86b9-5c342f7d7e44"
"270","Rock","Bob Seger","Night Moves","/Content/Images/placeholder.gif","0.99","True","False","P62c3twj  ","1996-02-19T00:00:00.0000000","be03d2cf-01be-4c90-b3ef-16de3ff0fef7","null","d1269d46-02f3-4d69-970c-5295cf6644a6"
"271","Rock","Bob Seger","Turn the Page","/Content/Images/placeholder.gif","0.99","True","False","3rvM3avL  ","2007-05-21T00:00:00.0000000","15d8a4a0-e11a-433a-9b1e-2b90e850bde9","null","a081448f-8c27-4c97-a9e6-12e297c5695f"
"272","Rock","Paul McCartney","Maybe I'm Amazed","/Content/Images/placeholder.gif","0.99","False","False","ARCIOcOs  ","2008-09-01T00:00:00.0000000","2c7358d0-605c-42f9-84cc-4407be132e5e","null","31a9722b-1fdc-4de0-8349-c85d1567d525"
"273","Rock","Marshall Tucker Band","Can't You See","/Content/Images/placeholder.gif","0.99","False","False","eafTqyGz  ","2007-06-04T00:00:00.0000000","5b83ec40-68a9-4cf4-ac58-25493384c72d","null","96dbb1a6-674c-45c9-aa9b-1242267a6884"
"274","Rock","Eric Clapton","Cocaine","/Content/Images/placeholder.gif","0.99","False","False","TDVOgBoJ  ","1999-11-17T00:00:00.0000000","b6d67ad2-a4f0-4f67-8bc7-04268fe59ee2","null","8a254856-134d-4df4-9dcf-fa91e1abed97"
"275","Rock","Eric Clapton","Let It Rain","/Content/Images/placeholder.gif","0.99","False","False","257WUPTJ  ","1995-11-18T00:00:00.0000000","0e294b85-56c5-49ea-9a63-bc2a4b22363a","null","4cdc16c8-f68f-4d6a-8bab-581e0b4fe65a"
"276","Rock","David Bowie","Space Oddity","/Content/Images/placeholder.gif","0.99","False","False","dYyR6jGY  ","2002-01-08T00:00:00.0000000","47dd473d-4088-4148-b6f5-22e432e20ed2","null","7f0e024a-ffea-46d6-8f89-aa94a218fb1c"
"277","Rock","Pat Benatar","Heartbreaker","/Content/Images/placeholder.gif","0.99","False","False","I1TIUI7W  ","2005-04-27T00:00:00.0000000","0da34e2d-acb5-4109-8cd5-92d0ca4fb456","null","270484e6-fe63-4b1a-bab0-e9e401ef913c"
"278","Rock","Don Henley","Dirty Laundry","/Content/Images/placeholder.gif","0.99","False","False","9PNRMMfE  ","2011-02-21T00:00:00.0000000","0c892aed-29c9-4525-9613-2f80117289e4","null","5068fb97-3b60-43d8-9c36-033303b4293c"
"279","Rock","Pretenders","Middle of The Road","/Content/Images/placeholder.gif","0.99","False","False","XWnME4gs  ","2016-07-07T00:00:00.0000000","dffc65e7-092d-4254-b922-e908331bd939","null","ec3970d7-a0b5-400b-a768-8d1af6214278"
"280","Rock","Foreigner","Cold As Ice","/Content/Images/placeholder.gif","0.99","False","False","0920V8SW  ","2007-05-12T00:00:00.0000000","e34d8c6c-02a1-4143-9325-485c34386ef9","null","cde71c9c-2fc4-48de-b97e-e700736351eb"
"281","Rock","Head East","Never Been Any Reason","/Content/Images/placeholder.gif","0.99","False","False","WDwID4fM  ","2002-12-08T00:00:00.0000000","397aaca8-fd71-4720-95d1-f971528c1b42","null","ffb0e999-5e31-4e06-b5cc-79c844710452"
"282","Rock","Golden Earring","Radar Love","/Content/Images/placeholder.gif","0.99","True","False","GU1RaV5c  ","2012-01-29T00:00:00.0000000","a65f99b2-443c-4eb0-8ff7-b84c1606afd8","null","fce160b8-ffb3-4b27-848d-fb4a411179d7"
"283","Rock","Jefferson Airplane","White Rabbit","/Content/Images/placeholder.gif","0.99","False","False","GfniBcJL  ","2002-05-27T00:00:00.0000000","c8fd6a6a-a715-48e3-b8df-aa4275f1b925","null","cfa2e11c-8a91-42e9-bc12-00283eeeaf4e"
"284","Rock","Edgar Winter Group","Frankenstein","/Content/Images/placeholder.gif","0.99","False","False","XzzZILQH  ","2020-02-27T00:00:00.0000000","a675c1ec-89df-48c5-8171-d5b59a54641d","null","27b8bf29-95c5-4b95-b12f-a49e63fe2dc8"
"285","Rock","Bruce Springsteen","Pink Cadillac","/Content/Images/placeholder.gif","0.99","False","False","yX7IROp1  ","1995-01-14T00:00:00.0000000","affd1803-cfa4-49c1-80df-4f69db152e69","null","a6098537-a585-4f67-9e07-fc02eb4927e0"
"286","Rock","Bruce Springsteen","Born To Run","/Content/Images/placeholder.gif","0.99","False","False","0MbiOWI5  ","2010-05-12T00:00:00.0000000","7103c46d-676d-40e1-af88-5ce6388119ac","null","8330054b-de8c-4e52-b5b6-cbaf844811db"
"287","Rock","Robin Trower","Bridge of Sighs","/Content/Images/placeholder.gif","0.99","False","False","jUcPf6WG  ","2011-11-20T00:00:00.0000000","26061060-8bc4-41ed-ba42-2cfca37c16a8","null","6bfe433e-9f98-4762-9eb3-ea0fbfd9faef"
"288","Rock","ELO","Fire on High","/Content/Images/placeholder.gif","0.99","False","False","6Dakb0Kx  ","2001-12-27T00:00:00.0000000","70ce6c44-3f2d-43bb-b3b8-8cc820042c2a","null","ad7b3c6c-fffa-4687-a99c-5fa114c52a93"
"289","Rock","Traffic","Dear Mr. Fantasy","/Content/Images/placeholder.gif","0.99","True","False","WQsu0yWk  ","2015-04-08T00:00:00.0000000","0365005f-b6a7-4088-8cef-ba1cd04dba34","null","d9ae8745-a029-4a65-a5d6-e6ea6b8d79d9"
"290","Rock","Styx","The Grand Illusion","/Content/Images/placeholder.gif","0.99","False","False","lZlWtcTR  ","1998-11-03T00:00:00.0000000","fe16aced-9ec4-4673-b2e3-959adaf26708","null","c555e4bc-8394-4d1a-9e9b-e4648e0e8a6b"
"291","Rock","Pete Townshend","Let My Love Open The Door","/Content/Images/placeholder.gif","0.99","False","False","1wWEOX70  ","1995-08-27T00:00:00.0000000","98e53242-0591-496f-95ed-251cec553610","null","03b7c804-3fda-4790-bd51-e8f0a41c8135"
"292","Rock","Cream","Sunshine of Your Love","/Content/Images/placeholder.gif","0.99","True","False","51vizXlS  ","2020-01-03T00:00:00.0000000","d4a5d313-3766-486a-8d92-0f899202c74c","null","1f4746a4-89e2-4c33-8754-86eb16667b43"
"293","Rock","Cream","White Room","/Content/Images/placeholder.gif","0.99","False","False","i85E4eAo  ","2008-02-11T00:00:00.0000000","f0438521-5b3d-4b39-8dbc-065ae2642cfb","null","1b47c719-bfbc-4e52-a3e9-c58a734fb754"
"294","Rock","Rod Stewart","Maggie May","/Content/Images/placeholder.gif","0.99","False","False","AssnLmj0  ","2014-03-12T00:00:00.0000000","826eed1c-68db-4b39-b0ae-16701df223d8","null","3c84b467-badd-4dc0-9028-edb3436e5a9e"
"295","Jazz","Aaron Goldberg","Salvador","/Content/Images/placeholder.gif","0.99","False","False","hvjH7hue  ","1997-11-21T00:00:00.0000000","e9be6bdd-1f68-4d57-a4cd-555590c77bd7","null","de26923c-376d-4cd0-bb47-dd11ac6985df"
"296","Blues","Eric Clapton","Promises","/Content/Images/placeholder.gif","0.99","False","False","5tHtwAjQ  ","2005-03-06T00:00:00.0000000","6626b2e6-8fb6-410e-a76d-edb83dd6fe91","null","ad8c0d5b-27d8-4b27-86b4-11bfaff6f409"
"297","Classical","Eugene Ormandy","Respighi:Pines of Rome","/Content/Images/placeholder.gif","0.99","False","False","WdG1DH9V  ","2018-08-13T00:00:00.0000000","4c83e010-21af-419c-be93-29d0f601a80a","null","f06a3b09-4e7f-4d80-9d3e-e579cbabe8b4"
"298","Classical","Eugene Ormandy","Strauss: Waltzes","/Content/Images/placeholder.gif","0.99","False","False","WehIbZTD  ","2004-07-18T00:00:00.0000000","4b012c12-5739-42a2-8204-491551d79a4b","null","da11fdfd-6d18-4fe8-8c35-40aaa14c6551"
"299","Classical","Roger Norrington, London Classical Players","Purcell: The Fairy Queen","/Content/Images/placeholder.gif","0.99","False","False","trGOUJYR  ","1998-03-11T00:00:00.0000000","e71d6703-9924-434d-b2fe-d80e5b6bcfc5","null","ea291f30-6b3b-404b-bc45-15b69db79531"
"300","Metal","Ozzy Osbourne","Goodbye to Romance","/Content/Images/placeholder.gif","0.99","False","False","DAxg92KX  ","2004-07-26T00:00:00.0000000","86c7eaa5-ef08-4245-8b07-13b5b4a9cb3f","null","136acc53-b940-40aa-87e5-ab6d178679a2"
"301","Metal","Ozzy Osbourne","I Don't Know)","/Content/Images/placeholder.gif","0.99","False","False","OCj2Hccs  ","2002-09-06T00:00:00.0000000","441514ae-6211-4bd2-8390-9cee1e7e6046","null","4a0ca7e8-7a2d-4bb8-97b7-87611bbab9c8"
"302","Metal","Ozzy Osbourne","Believer","/Content/Images/placeholder.gif","0.99","False","False","z1EkNkz1  ","2016-05-25T00:00:00.0000000","11c96781-9bae-496c-903b-9a0f2c8c6797","null","675b76f4-84e5-4912-bb6b-504f8f8957e5"
"303","Metal","Ozzy Osbourne","Iron Man","/Content/Images/placeholder.gif","0.99","True","False","okAUs1Hv  ","2016-07-19T00:00:00.0000000","37e6d119-4470-4762-ad79-f45ef655a5d1","null","83d2802f-f1f1-4c20-bf15-035a8bc8108b"
"304","Metal","Ozzy Osbourne","Suicide Solution)","/Content/Images/placeholder.gif","0.99","False","False","ES2QwotQ  ","1995-07-20T00:00:00.0000000","0bf298f5-e4be-4053-9636-8be49702efcc","null","7f9b6941-e281-4873-84d9-b76631d6020e"
"305","Metal","Ozzy Osbourne","Paranoid","/Content/Images/placeholder.gif","0.99","False","False","FshvdaZa  ","2010-02-07T00:00:00.0000000","a5d19296-8363-446a-bb12-aa270b5e02af","null","60e7c4c1-1094-4520-8041-23b7ea1e0fba"
"306","Latin","Os Paralamas Do Sucesso","Arquivo Os Paralamas Do Sucesso","/Content/Images/placeholder.gif","0.99","False","False","JWaYmhd2  ","2000-10-02T00:00:00.0000000","5d34e7a9-164b-4760-ab52-0ac829ff374d","null","1701ce70-c8ea-4be0-8529-318f791d9ff4"
"307","Classical","Royal Philharmonic Orchestra & Sir Thomas Beecham","Haydn: Symphonies 99","/Content/Images/placeholder.gif","0.99","False","False","ZmZa0OA1  ","1996-12-31T00:00:00.0000000","a1c2e552-d8c6-49fd-b6fb-4d28bdb6492a","null","f1293c65-c551-4d89-a1a8-808b05527b6a"
"308","Latin","Os Paralamas Do Sucesso","Arquivo II","/Content/Images/placeholder.gif","0.99","False","False","CHChQOdO  ","2005-01-17T00:00:00.0000000","ab5dea36-f7b4-4e50-8c5a-bc3910272a47","null","63970570-9be5-43c1-90a1-9eef84fa3139"
"309","Classical","Orchestra of The Age of Enlightenment","Bach: The Brandenburg Concertos","/Content/Images/placeholder.gif","0.99","False","False","iq6XFpRT  ","2008-08-23T00:00:00.0000000","2a060d1a-11d1-4c26-bff9-ce596507ab41","null","4d6d8b43-606d-43de-bb63-ecb900860e38"
"310","Latin","Olodum","Olodum","/Content/Images/placeholder.gif","0.99","False","False","fxP9xySV  ","1999-10-02T00:00:00.0000000","6925dad6-c856-4a2c-ac68-163849d325d2","null","17951cef-e76d-4d68-9622-d1184b6274a9"
"311","Classical","Nicolaus Esterhazy Sinfonia","The Fifth","/Content/Images/placeholder.gif","0.99","False","False","VpOtdLYB  ","2014-01-01T00:00:00.0000000","f0fec95d-86ee-457b-929a-3a87f831b693","null","3b5b6320-453a-46b8-9866-2872cdd43c5e"
"312","Classical","Nash Ensemble","Chamber","/Content/Images/placeholder.gif","0.99","False","False","bNHA9P1f  ","1999-09-11T00:00:00.0000000","5c67f792-b9b0-4780-abaa-09fac0538e69","null","8f276308-031a-4c40-9bf1-f3e57b9b9674"
"313","Metal","Motörhead","Ace Of Spades","/Content/Images/placeholder.gif","0.99","False","False","dSEUuior  ","2000-08-29T00:00:00.0000000","40959f16-a1d2-4d66-9e97-0397d6c88fa9","null","29e4a4e3-b3bb-4d5e-83bd-d8d323cad35f"
"314","Metal","Mötley Crüe","Bitter Pill","/Content/Images/placeholder.gif","0.99","False","False","dOPugoRl  ","2005-06-08T00:00:00.0000000","3c3da1ca-cd74-489b-b697-cafec0bfa9c4","null","29b21c63-7c89-422b-a794-9bb8bce7a4d2"
"315","Latin","Milton Nascimento","Minas","/Content/Images/placeholder.gif","0.99","True","False","0yktIlgz  ","2010-11-17T00:00:00.0000000","c702d5e2-c0b7-4304-ad74-9e8d5ebe1059","null","d81a24d4-d990-4856-84d3-ec82f24d2cea"
"316","Latin","Milton Nascimento","Milton Nascimento Ao Vivo","/Content/Images/placeholder.gif","0.99","False","False","9xIYveL6  ","2011-10-21T00:00:00.0000000","7082bcde-6c2d-4e49-a0ad-4f25cb40fc20","null","0427451d-e12b-45df-9241-9534979006d2"
"317","Latin","Os Paralamas Do Sucesso","Acústico MTV","/Content/Images/placeholder.gif","0.99","False","False","OjCUWaZt  ","2005-04-22T00:00:00.0000000","fd178df4-6ebf-429b-be12-62bdbf71bb6a","null","760f72f6-34f6-4be0-84d1-a738cae41d4a"
"318","Classical","Scholars Baroque Ensemble","Handel: The Messiah","/Content/Images/placeholder.gif","0.99","False","False","nogUt3Er  ","1997-11-24T00:00:00.0000000","4249892a-3b38-43ce-92b5-92add1ef8099","null","bb9611c8-0728-4c8b-bb49-f79179faf69c"
"319","Classical","Sergei Prokofiev & Yuri Temirkanov","Prokofiev: Symphony No.1","/Content/Images/placeholder.gif","0.99","False","False","3NuSAto3  ","1998-01-21T00:00:00.0000000","88298bbd-155b-4f58-9999-bb8d461eb608","null","0f935b45-3e71-43be-b924-aa51df275297"
"320","Classical","Sir Georg Solti & Wiener Philharmoniker","Wagner: Overture","/Content/Images/placeholder.gif","0.99","False","False","skBJFE42  ","2012-03-13T00:00:00.0000000","b5b4c4fd-4dd1-4564-88bc-b1e4593df40b","null","d6149f5c-3d77-47da-9d30-cc43f806a6b6"
"321","Classical","Yehudi Menuhin","Bartok: Violin & Viola Concertos","/Content/Images/placeholder.gif","0.99","False","False","Rs6N2bIA  ","2009-09-16T00:00:00.0000000","e290f7d2-86b5-4595-9293-f67b51a7d3a1","null","2bd5a967-9bba-42f7-b6b8-4979a9336431"
"322","Classical","Wilhelm Kempff","Bach: Goldberg Variations","/Content/Images/placeholder.gif","0.99","False","False","sxc8sb2U  ","1996-01-21T00:00:00.0000000","59765b8e-3bdc-4bc5-b5c3-049dcdbeab72","null","e09a9eba-dca6-4a83-bded-1a8a4f26de02"
"323","Latin","Vinícius De Moraes","Vinicius De Moraes","/Content/Images/placeholder.gif","0.99","False","False","l3biulp1  ","2000-03-29T00:00:00.0000000","5fdbce0d-b482-45ba-a713-3cc5575c6d2f","null","156d6bf4-ab54-4164-860f-61612e7a1866"
"324","Latin","Various Artists","Vozes do MPB","/Content/Images/placeholder.gif","0.99","False","False","DoD2IWsR  ","2011-08-16T00:00:00.0000000","06c9d19a-b47c-4bd4-9523-10a233f1ac23","null","d739a606-2a43-42fe-bfc8-5c964f3d303c"
"325","Latin","Various Artists","Sambas De Enredo 2001","/Content/Images/placeholder.gif","0.99","False","False","e51BPAod  ","2016-10-04T00:00:00.0000000","8d6790df-637c-4e94-9950-e86dd9be22d7","null","90a87910-61c2-4aa2-ab79-197734da71fc"
"326","Pop","Various Artists","Axé Bahia 2001","/Content/Images/placeholder.gif","0.99","False","False","sUpxLWzY  ","2000-04-07T00:00:00.0000000","5d713b90-0907-47a6-a530-116674209a58","null","23cabb34-a32e-415d-94bd-6889c627e4d9"
"327","Reggae","UB40","The Earth Dies Screaming","/Content/Images/placeholder.gif","0.99","False","False","gFSppiy0  ","1997-10-12T00:00:00.0000000","2c27f3ad-7728-497e-8f41-457570a40303","null","c1e283b6-cec5-44ea-9a60-079d9fe4e9d5"
"328","Classical","Ton Koopman","Bach: Toccata & Fugue in D Minor","/Content/Images/placeholder.gif","0.99","False","False","0TJu3Yy2  ","2012-12-03T00:00:00.0000000","0c49fab4-89b7-4383-9928-b5e7f18b9e44","null","3b9633d2-4416-47e1-8e6b-8b5eb49412ea"
"329","Latin","Tim Maia","Hapsburg Serenade","/Content/Images/placeholder.gif","0.99","False","False","OkLvODID  ","2017-03-06T00:00:00.0000000","9af263ff-3b6e-449c-aecf-8092afb7ee4d","null","844df4d3-aa17-43a8-8718-fd1ea4c5e804"
"330","Latin","Tim Maia","Serie Sem Limite (Disc 1)","/Content/Images/placeholder.gif","0.99","False","False","Epn37kHi  ","2004-03-20T00:00:00.0000000","d47bad52-b260-4e7d-ba7f-50ebee931c40","null","ea5a7aaf-3cf9-47a8-95c7-302f35bb8d05"
"331","Classical","The King's Singers","English Renaissance","/Content/Images/placeholder.gif","0.99","False","False","RFu4pO49  ","2004-01-09T00:00:00.0000000","2c791953-d02b-4454-826f-fc30fbe35774","null","00d0c313-0f45-4700-8a8c-da0308079754"
"332","Blues","The Black Crowes","Thick N'Thin","/Content/Images/placeholder.gif","0.99","False","False","Dp5ti3mQ  ","2009-04-05T00:00:00.0000000","e7eafd25-2d2a-489d-8d83-8315f9a9ae2d","null","66147193-bcc4-4322-a134-d20b4d238122"
"333","Blues","The Black Crowes","Hard To Handle","/Content/Images/placeholder.gif","0.99","False","False","QutsZ2Ij  ","1998-04-10T00:00:00.0000000","543aed07-dfb3-4a50-abc5-76ff3530aa38","null","abd1cf47-ebff-49bf-89cb-d0d6c3539752"
"334","Classical","The 12 Cellists of The Berlin Philharmonic","South American Getaway","/Content/Images/placeholder.gif","0.99","False","False","O55WzEsm  ","2018-11-26T00:00:00.0000000","ebe35451-a7fd-4166-9443-e0ac9bb6f658","null","331fa241-14c6-4eef-9029-e31c8211f848"
"335","Alternative","Temple of the Dog","Temple of the Dog","/Content/Images/placeholder.gif","0.99","True","False","vQgt0ZgN  ","2000-03-25T00:00:00.0000000","6ae4c275-4b3e-47c3-a893-da0075e4934f","null","d5ffe68a-1264-426e-b53c-aaf68ada0a48"
"336","Metal","System Of A Down","Mezmerize","/Content/Images/placeholder.gif","0.99","False","False","rMuzEFSo  ","2016-07-29T00:00:00.0000000","91089295-38e5-4f78-862e-d7dd741e2beb","null","67ac997e-ce4b-46fc-90a7-607e8efcc523"
"337","Blues","Stevie Ray Vaughan & Double Trouble","In Step","/Content/Images/placeholder.gif","0.99","False","False","lcflZsTd  ","2005-03-20T00:00:00.0000000","60d5cc9b-cf30-471c-bdcd-a2778b6adf0f","null","e8d24c23-4224-46ed-9900-ed494eff0b23"
"338","Jazz","Spyro Gyra","Morning Dance","/Content/Images/placeholder.gif","0.99","False","False","RmXWDBW7  ","2000-09-27T00:00:00.0000000","d81ed4da-8b69-420b-8a6a-232641ccb14d","null","54e46e33-7ca1-4943-a7f3-2f02bff617e5"
"339","Jazz","Spyro Gyra","Heart of the Night","/Content/Images/placeholder.gif","0.99","False","False","BHXawJJD  ","2014-08-22T00:00:00.0000000","454ba906-372f-4c3c-bc4f-5cc1c77f7a98","null","74eed080-1ddd-49ef-a88a-2e2fa1df00a4"
"340","Jazz","Miles Davis","New Rhumba","/Content/Images/placeholder.gif","0.99","False","False","acypBmvW  ","1997-01-20T00:00:00.0000000","57a94b90-b7e1-41b5-9ab8-7e15f93808b1","null","d7548573-f66f-4402-8e3f-d983c6a1a2f2"
"341","Jazz","Miles Davis","The Duke","/Content/Images/placeholder.gif","0.99","False","False","2zlgghdW  ","2000-04-25T00:00:00.0000000","4fee1278-cf2d-4f5b-a8b4-8ae3db6f0054","null","b2f2b53d-b005-41d4-aef8-7bcf8b67f8c2"
"342","Jazz","Miles Davis","Miles Ahead","/Content/Images/placeholder.gif","0.99","False","False","gkXG9FHJ  ","2006-05-12T00:00:00.0000000","78f66386-5cea-405c-bd48-6cade644cca6","null","4a612c65-a724-43a5-be0d-b9b532f3b4a8"
"343","Classical","Michael Tilson Thomas & San Francisco Symphony","Prokofiev: Romeo & Juliet","/Content/Images/placeholder.gif","0.99","False","False","MtLCRRb6  ","1996-10-23T00:00:00.0000000","9abc2bb8-fc1c-440f-9264-a07ff6fa81ae","null","110714b6-a910-42e7-82ce-f3b2510d38b5"
"344","Metal","Iron Maiden","Somewhere in Time","/Content/Images/placeholder.gif","0.99","False","False","eGNgtfG4  ","2016-08-22T00:00:00.0000000","13b12bf4-3de5-4783-967d-257900846dd1","null","34ed9e4b-384e-43ef-8edf-c3bba65e17f1"
"345","Metal","Iron Maiden","Seventh Son","/Content/Images/placeholder.gif","0.99","True","False","RwYMpZA1  ","1999-11-06T00:00:00.0000000","11b214ec-00c8-46e8-83a1-28db21d01cf6","null","2791c2d2-9da0-4bcb-894f-2c801be2222a"
"346","Metal","Iron Maiden","The Number of the Beast","/Content/Images/placeholder.gif","0.99","False","False","xJD0qdK4  ","1995-03-26T00:00:00.0000000","8731544e-57e0-4f61-a422-54c1a82cd02f","null","e2ff9d8d-6c09-4394-b2b9-cbf089dce237"
"347","Metal","Iron Maiden","The Wicker Man","/Content/Images/placeholder.gif","0.99","False","False","gkqDOtj0  ","2002-05-23T00:00:00.0000000","09ced7ea-a342-4ea8-806e-5a6fe3bb0db0","null","1caca72f-9231-4b64-82cd-8bec34d23666"
"348","Metal","Iron Maiden","Fear of the Dark","/Content/Images/placeholder.gif","0.99","False","False","LZDH7oL8  ","1999-11-09T00:00:00.0000000","b9fc00e3-1af4-4c6d-aafb-ec47eeed138c","null","5e04c319-4b88-4c45-8269-3756eadde4b6"
"349","Metal","Iron Maiden","Piece Of Mind","/Content/Images/placeholder.gif","0.99","False","False","RxAKn61j  ","2006-10-05T00:00:00.0000000","e45fb60a-680b-4e1c-8a78-e6af375924d6","null","f0f5bfdd-cb88-4f19-94d9-0262d33943d7"
"350","Metal","Iron Maiden","Ghost of the Navigator","/Content/Images/placeholder.gif","0.99","True","False","NhEMEqos  ","2007-08-17T00:00:00.0000000","e9401a47-5840-4b1b-a85f-87eb3d65a46a","null","94f3a3f9-81ad-44d0-a3b3-d4618fa2ab52"
"351","Metal","Iron Maiden","Run to the Hills","/Content/Images/placeholder.gif","0.99","False","False","NdS27q2D  ","2008-05-20T00:00:00.0000000","c109fdb7-278d-4021-ab4a-9f70c6ce738e","null","cc84cfdc-2849-427f-9dcf-0c1ef549382d"
"352","Metal","Iron Maiden","A Real Live One","/Content/Images/placeholder.gif","0.99","False","False","k9XaUJVf  ","2015-01-19T00:00:00.0000000","dfce5b8e-ce3d-47cf-92d7-5ab7e5c5af09","null","e644f6ae-1280-4971-9ca6-352c13586d75"
"353","Metal","Iron Maiden","A Real Dead One","/Content/Images/placeholder.gif","0.99","False","False","3DbFoDMU  ","2002-05-19T00:00:00.0000000","91233fc6-e361-49c5-b56f-5706591f0097","null","39da6d89-52b2-4d04-9d25-580f1a599fcc"
"354","Jazz","Incognito","Blue Mood","/Content/Images/placeholder.gif","0.99","False","False","0rXifwqn  ","2015-12-11T00:00:00.0000000","4ada4dab-48a9-4842-b5bd-258577b64b26","null","83c1f5fc-a191-4cc4-bf38-8ef14cfb26be"
"355","Metal","Guns N' Roses","Civil War","/Content/Images/placeholder.gif","0.99","False","False","3ZbVrH6N  ","2002-06-02T00:00:00.0000000","60200dad-683b-463c-be48-f10644f9834d","null","0ea53918-ddb1-4a85-91df-81f67999bc65"
"356","Classical","Göteborgs Symfoniker & Neeme Järvi","Nielsen Symphony","/Content/Images/placeholder.gif","0.99","False","False","0PUCKnDP  ","2016-08-24T00:00:00.0000000","f8faa2df-fc3c-49c4-b24c-1867c8d160e1","null","8f894908-cb77-4348-a7f6-9742dcc5c9bd"
"357","Latin","Gonzaguinha","Meus Momentos","/Content/Images/placeholder.gif","0.99","False","False","4gRz908b  ","2004-01-29T00:00:00.0000000","acd98439-1334-4be6-a896-7e75c698aa3c","null","51dca4c0-1ee6-4a89-9dfb-8bcf54f70d5f"
"358","Metal","Godsmack","Faceless","/Content/Images/placeholder.gif","0.99","True","False","rZYlIbWX  ","2011-06-27T00:00:00.0000000","0951bf4b-f66b-4204-883f-cd5c88a3a337","null","8b4e18f4-60cc-490a-acac-a890b7ee7d17"
"359","Jazz","Gilberto Gil","Quanta Gente Veio ver--Bônus De Carnaval","/Content/Images/placeholder.gif","0.99","False","False","eQjF2hof  ","2007-12-10T00:00:00.0000000","2f97d86e-3b4b-487f-a965-62eb4b584722","null","79d72c53-7851-4369-8be8-70d9dd4ca4d6"
"360","Latin","Gilberto Gil","Quanta Gente Veio Ver (Live)","/Content/Images/placeholder.gif","0.99","False","False","2ddPzRM4  ","2015-02-21T00:00:00.0000000","225da121-7da1-4606-82c0-024d7e4dff84","null","93dde8c1-6557-4bbf-b1d7-2d855a5dbf26"
"361","Latin","Funk Como Le Gusta","Roda De Funk","/Content/Images/placeholder.gif","0.99","False","False","UQdVTFQV  ","2011-01-21T00:00:00.0000000","bff6bafb-056d-40eb-b748-793e3f0ae65a","null","95ca6eb8-86d3-4d9e-8297-2047b8955c7c"
"362","Latin","Falamansa","Deixa Entrar","/Content/Images/placeholder.gif","0.99","False","False","tpk6OhHG  ","2018-01-11T00:00:00.0000000","d7709745-59e6-422e-a4ad-6d80df5c57e1","null","4ebfad90-712e-434f-8c86-0d9af25cf165"
"363","Metal","Iron Maiden","Dream of Mirrors","/Content/Images/placeholder.gif","0.99","False","False","CzScDYlO  ","2009-07-27T00:00:00.0000000","2620015f-1832-417e-a0ab-f19177d6c46f","null","0e576db7-4b6d-441e-8a4b-771f5d61f555"
"364","Rock","Van Morrison","Moondance","/Content/Images/placeholder.gif","0.99","False","False","bjN0Y61n  ","2011-03-24T00:00:00.0000000","416a291f-ab4c-4606-a6bf-e3ae5f3af144","null","1285e815-ce9e-40a9-9235-e2c5729a33da"
"365","Metal","Iron Maiden","The Number of the Beast","/Content/Images/placeholder.gif","0.99","False","False","s0ubsPFZ  ","1996-12-30T00:00:00.0000000","1d8213bd-4775-4876-a78a-8fc6246ffbd3","null","a6125183-a389-471e-af55-aa017c49c5c0"
"366","Latin","Jorge Ben","Jorge Ben Jor 25 Anos","/Content/Images/placeholder.gif","0.99","False","False","Fh1gvKKF  ","2002-10-01T00:00:00.0000000","999fba47-53bf-4f51-a18b-fae6fdde0a00","null","4c5fcde4-b2cf-45f5-8240-3dbcabcdf96e"
"367","Classical","Michael Tilson Thomas & San Francisco Symphony","Berlioz: Symphonie Fantastique","/Content/Images/placeholder.gif","0.99","False","False","qCX0Nts6  ","2011-09-25T00:00:00.0000000","a1a28207-c21b-4b01-9456-8e3c858f721f","null","01d414ae-13c0-497e-a346-52dd12fb2509"
"368","Metal","Metallica","St. Anger","/Content/Images/placeholder.gif","0.99","False","False","wFx2SVVI  ","2006-03-08T00:00:00.0000000","4329dfd0-6bfe-4123-8d01-cc0a401ec8ca","null","e1a777b7-2dc7-4f9a-853e-b3d9095c476d"
"369","Metal","Metallica","Ride The Lightning","/Content/Images/placeholder.gif","0.99","False","False","I4uDQBK0  ","2011-04-29T00:00:00.0000000","12d98cc4-dcec-4ff9-a6f5-5ad10ff795ef","null","194f1158-35a3-4743-bade-8da7afbc19b5"
"370","Metal","Metallica","ReLoad","/Content/Images/placeholder.gif","0.99","False","False","mtGE4MOg  ","2004-08-14T00:00:00.0000000","89ee4b11-b45f-4239-a4c9-0e039686a8ce","null","5842f743-b5eb-46dd-ae7a-37c1a0138bea"
"371","Metal","Metallica","Master Of Puppets","/Content/Images/placeholder.gif","0.99","False","False","xQgBdMvH  ","2008-08-31T00:00:00.0000000","2f4b2cfb-6571-4ff0-9ab0-a4adaee76c6f","null","f546e246-4da8-4200-842a-71e7c510456e"
"372","Metal","Metallica","The Unforgiven","/Content/Images/placeholder.gif","0.99","True","False","8MjVQWZD  ","2020-07-06T00:00:00.0000000","7123eb97-a068-4386-849a-d276a62ed9bd","null","d3e266a7-9fcb-4b9e-8722-c4827b216f3c"
"373","Metal","Metallica","Kill 'Em All","/Content/Images/placeholder.gif","0.99","False","False","Dndb6q5p  ","2014-09-15T00:00:00.0000000","6ceb3a45-e057-4386-9935-66e084e9706b","null","bfa6eb2e-d6df-4867-82e7-590bedd1b06e"
"374","Metal","Metallica","Garage Inc.","/Content/Images/placeholder.gif","0.99","False","False","twc8gEnw  ","2004-09-26T00:00:00.0000000","93472285-4f72-4ba8-9878-6540a2cadea1","null","3826b00b-329c-41a5-b3ed-758a57c6bcb3"
"375","Metal","Metallica","To Live Is to Die","/Content/Images/placeholder.gif","0.99","False","False","w7GsowuK  ","2011-02-19T00:00:00.0000000","af08b1c0-e320-4978-af2d-7b253b8fc22e","null","ef72ef9e-fcfe-4462-9665-2918b9473bd1"
"376","Metal","Metallica","The Shortest Straw","/Content/Images/placeholder.gif","0.99","False","False","iIrkEhoF  ","1998-07-27T00:00:00.0000000","cf1e157e-cd49-4298-b060-6aa9d479259c","null","3dcfa991-d6e3-4c15-b1a6-95350a4fdd4e"
"377","Classical","Martin Roscoe","Szymanowski: Piano Works","/Content/Images/placeholder.gif","0.99","False","False","LToPLma5  ","1995-11-06T00:00:00.0000000","16cafb38-23fe-4075-ae32-346d2c2048d4","null","0840c4e7-e2d1-43b7-be3e-aead5861962c"
"378","Latin","Marisa Monte","Barulhinho Bom","/Content/Images/placeholder.gif","0.99","False","False","6QK1JR1I  ","1998-09-19T00:00:00.0000000","4a7d8126-b68c-49ca-8eea-07468cc1da14","null","e387e0b9-4592-40c0-9543-e043f6587cd1"
"379","Latin","Marcos Valle","Chill: Mexico","/Content/Images/placeholder.gif","0.99","False","False","S0TMRTmw  ","2009-03-28T00:00:00.0000000","4b1f6526-046d-4bb3-8b3a-100d9120abe8","null","99cb8778-e4c0-44f3-b13d-43e556560ecd"
"380","Latin","Luciana Souza/Romero Lubambo","Duos II","/Content/Images/placeholder.gif","0.99","False","False","I5UJQq7b  ","2018-11-01T00:00:00.0000000","a97db5d9-1131-4708-ae08-b7127ec0c234","null","f5138baf-0b41-4f29-bae2-18428f515e07"
"381","Classical","London Symphony Orchestra & Sir Charles Mackerras","Tchaikovsky: The Nutcracker","/Content/Images/placeholder.gif","0.99","False","False","CA1wmwVJ  ","2002-11-23T00:00:00.0000000","f56bfe31-0c93-4b55-8159-fb20b92ffabc","null","e493e2e4-bded-4fdf-908b-ff144955ee24"
"382","Latin","Legião Urbana","Mais Do Mesmo","/Content/Images/placeholder.gif","0.99","False","False","N5usYunm  ","2015-08-01T00:00:00.0000000","bed4022d-7aca-467d-a23e-407664dbefda","null","197fbfcd-3161-4ed3-8098-9a39a386c085"
"383","Classical","Kent Nagano and Orchestre de l'Opéra de Lyon","Weill: The Seven Deadly Sins","/Content/Images/placeholder.gif","0.99","False","False","yzU1dqEC  ","2016-05-28T00:00:00.0000000","78b50892-5449-4aef-a5a5-a751bd774bfd","null","67ad3dbd-b7df-4eda-8192-71c617bdf2f1"
"384","Metal","Judas Priest","Living After Midnight","/Content/Images/placeholder.gif","0.99","True","False","OVPxRGMq  ","2004-01-07T00:00:00.0000000","703d9336-cbc6-4962-9ae5-a3a1dbda24ea","null","5b9aff99-c28b-41f1-9b22-9b243008583a"
"385","Latin","Jota Quest","Jota Quest","/Content/Images/placeholder.gif","0.99","False","False","YBnYX0yg  ","2007-10-07T00:00:00.0000000","11c2745e-b366-45d8-8262-7b73bb7eda5c","null","fa396695-a181-4420-83bc-8eac129cefc1"
"386","Classical","James Levine","Mascagni: Cavalleria Rusticana","/Content/Images/placeholder.gif","0.99","False","False","nho6vj3J  ","2018-11-03T00:00:00.0000000","6b8655c0-7c6f-453a-9f3a-c03c7ac8e8dc","null","a86d9712-92fb-43ba-aa87-9676fcb04d90"
"387","Rock","Van Morrison","Brown Eyed Girl","/Content/Images/placeholder.gif","0.99","False","False","G2BNOiGJ  ","2009-12-26T00:00:00.0000000","a22d23a3-168e-4633-ae8d-e34ff23a75ee","null","6ba8e83c-545d-4cd0-9f38-b49a32ff34f9"
"388","Rock","Ten Years After","I'd Love to Change the World","/Content/Images/placeholder.gif","0.99","False","False","ZkdLPkw0  ","2005-01-15T00:00:00.0000000","03484a6d-365e-4970-b3b1-5747b80e25de","null","09f9f00b-e05c-4d94-bc84-79738324a4de"
"389","Rock","Tom Petty","Refugee","/Content/Images/placeholder.gif","0.99","False","False","Jz4yFW1p  ","2003-11-02T00:00:00.0000000","8092fa64-0ff7-4e08-9704-d29888197136","null","bb99aa7c-12ff-4cdd-b204-f5009f00e5cb"
"390","Rock","Pink Floyd","Brain Damage","/Content/Images/placeholder.gif","0.99","False","False","7E1WyZTV  ","2010-01-06T00:00:00.0000000","d37e69c7-7100-4ccb-a90c-cf54a1d85ace","null","94abf82c-e9cf-4572-a4e8-743052075bea"
"391","Rock","Pink Floyd","Comfortably Numb","/Content/Images/placeholder.gif","0.99","False","False","H9YIWROv  ","2002-11-20T00:00:00.0000000","38ada459-8068-42e6-beca-cd11ed66b6d3","null","ff036492-3646-4e87-b7c6-67f32e2819fc"
"392","Rock","Pink Floyd","Time","/Content/Images/placeholder.gif","0.99","True","False","h0PyQz1o  ","2014-12-02T00:00:00.0000000","8c45fd8f-6271-41cc-b7d8-c88528903551","null","a552eeff-49f4-4ca1-931b-2696273a392e"
"393","Rock","Pink Floyd","Another Brick In The Wall","/Content/Images/placeholder.gif","0.99","False","False","ISSppb1G  ","2013-02-05T00:00:00.0000000","7a49e250-c2c4-47c2-bee5-8d1270292226","null","1467a3c1-209a-4385-82b6-2091a3632557"
"394","Rock","Bob Dylan","Rainy Day Women","/Content/Images/placeholder.gif","0.99","True","False","2vP9Jd5p  ","2004-03-25T00:00:00.0000000","6971ddee-f619-4713-af00-a8662b17925d","null","9fdf7354-28f8-4c3e-a3e5-f29cd746ce6e"
"395","Rock","Bob Dylan","Knockin' on Heaven's Door","/Content/Images/placeholder.gif","0.99","False","False","dOgPdoei  ","2017-08-14T00:00:00.0000000","c9df5e12-8872-4393-85fb-8f55d45563ea","null","4ebaeb6d-a4d5-4138-bbd5-7c3eec45acab"
"396","Rock","Bob Dylan","Like A Rolling Stone","/Content/Images/placeholder.gif","0.99","True","False","Q70Fao6K  ","2010-11-07T00:00:00.0000000","af060b6f-be0a-4c76-a8a6-34725665ceba","null","54c500ff-9430-4b95-8f80-3ab35d7e46be"
"397","Rock","Rolling Stones","Street Fighting Man","/Content/Images/placeholder.gif","0.99","False","False","nPij7R2X  ","2003-04-10T00:00:00.0000000","df236609-e6a5-4ffe-a6e5-3459ce1bf494","null","98926339-1772-4e8a-8a07-1b2f6045556d"
"398","Rock","Pink Floyd","Wish You Were Here","/Content/Images/placeholder.gif","0.99","False","False","ReFp8mDg  ","2005-09-14T00:00:00.0000000","83d670fb-b02e-4881-8935-1c726f622eef","null","34d1ee43-8457-4240-94ce-0b886c5cbc14"
"399","Rock","Rolling Stones","Jumpin' Jack Flash","/Content/Images/placeholder.gif","0.99","False","False","cvEn1pES  ","2001-11-03T00:00:00.0000000","f9830b4a-c617-4f91-957b-f751cc504151","null","78044b08-e5ea-426c-97f9-ffa2d1675662"
"400","Rock","Rolling Stones","Gimme Shelter","/Content/Images/placeholder.gif","0.99","False","False","c99MgqNC  ","1999-12-23T00:00:00.0000000","86d6b929-1c65-44d8-80d5-0ae1fbe2b7c1","null","6d5279bb-cca9-4757-93a0-38b15537d364"
"401","Rock","Rolling Stones","Satisfaction","/Content/Images/placeholder.gif","0.99","False","False","B1FNk465  ","2002-09-17T00:00:00.0000000","598df497-4f95-43bc-a6b3-6898bd7baab4","null","8a0ab586-0f53-40ef-86bd-e7d0a3f4b2d4"
"402","Rock","Jimi Hendrix","Fire","/Content/Images/placeholder.gif","0.99","False","False","P27sDx2K  ","2001-11-09T00:00:00.0000000","a64b210a-a11b-4647-a2f2-88a62784ca11","null","04ec2865-77e7-4ca5-9f83-8db0c879a552"
"403","Rock","Jimi Hendrix","The Wind Cries Mary","/Content/Images/placeholder.gif","0.99","False","False","KDvflCu0  ","2000-11-24T00:00:00.0000000","ef5607e9-96f4-4960-bcc8-8758126288b4","null","3bf51c60-87f4-4535-8c2b-37aaeb33bee0"
"404","Rock","Jimi Hendrix","Purple Haze","/Content/Images/placeholder.gif","0.99","False","False","qkzAEjqo  ","2016-07-03T00:00:00.0000000","0de80458-9100-4976-96ca-9338a107d73b","null","4dd56ff8-cee5-4ac5-b653-42e3c9d87cfd"
"405","Rock","Jimi Hendrix","All Along the Watchtower","/Content/Images/placeholder.gif","0.99","False","False","WpwpJag0  ","2013-05-26T00:00:00.0000000","1904118a-ad99-4806-900b-e637c11fd08b","null","833dcc86-6a1b-4be5-84b7-d3f95d39f84b"
"406","Rock","Beatles","Norwegian Wood","/Content/Images/placeholder.gif","0.99","False","False","kFhOSRED  ","2003-04-20T00:00:00.0000000","8e3b6a6f-64ad-45a0-abd4-da58e20a38de","null","4117c33c-c404-40ad-883e-7d56a5b366c5"
"407","Rock","Beatles","Penny Lane","/Content/Images/placeholder.gif","0.99","False","False","VWRMLyfH  ","2002-09-02T00:00:00.0000000","b075f20d-6787-47d1-a182-6a7f47de3c07","null","30b868ea-3c2b-4744-9f8a-2e969dccf468"
"408","Rock","Rolling Stones","You Can't Always Get What You","/Content/Images/placeholder.gif","0.99","True","False","42vho7vk  ","2015-12-07T00:00:00.0000000","1bdd30dc-6ad1-4b02-80c2-abccbedca3f4","null","e62b7e12-4003-4df5-83ff-fc0ee76595c2"
"409","Rock","Pink Floyd","Have A Cigar","/Content/Images/placeholder.gif","0.99","False","False","DVoi04pG  ","2009-05-01T00:00:00.0000000","75e969b7-ad40-46cc-a4c0-05c57425d22e","null","625be654-52ad-4954-8f70-38f0095524ef"
"410","Rock","Pink Floyd","Money","/Content/Images/placeholder.gif","0.99","False","False","nHPlCmZZ  ","2002-08-29T00:00:00.0000000","f4088802-b8aa-4242-925d-86c3379b23e5","null","ddda56d2-6efe-4b1f-b4a4-8c234be70aef"
"411","Rock","Who","Won't Get Fooled Again","/Content/Images/placeholder.gif","0.99","False","False","jHBphVOb  ","2001-12-19T00:00:00.0000000","cc90a194-44a9-4c36-a3af-934d8b5a6618","null","174f0ab3-4eb4-41c1-bf14-b94a74a74ea9"
"412","Rock","Heart","Barracuda","/Content/Images/placeholder.gif","0.99","False","False","s4D85Qh7  ","1999-08-16T00:00:00.0000000","86db7c9c-6ac3-4678-93a1-ddc7e8ff4596","null","60e33217-489c-4347-9f26-2dc4359ace9e"
"413","Rock","Doors","Love Me Two Times","/Content/Images/placeholder.gif","0.99","False","False","TmoSbaxQ  ","2006-09-02T00:00:00.0000000","9f689017-c5a3-483a-a764-dfa86e450a87","null","cfaf992c-1025-492e-962e-eb464bb49108"
"414","Rock","Doors","Hello, I Love You","/Content/Images/placeholder.gif","0.99","False","False","z8z4s3xq  ","2012-01-14T00:00:00.0000000","18389813-80b8-4b73-ae4e-a997904c7726","null","6acc0a99-426c-447c-a240-52c63b909f5c"
"415","Rock","Doors","Touch Me","/Content/Images/placeholder.gif","0.99","False","False","hmBvdviB  ","2019-06-02T00:00:00.0000000","fa899a69-6ba7-4363-a0b2-3cdacae527dc","null","6a78d765-c945-4a88-af11-459a92941e1d"
"416","Rock","Doors","Riders on the Storm","/Content/Images/placeholder.gif","0.99","False","False","cgKgZnZd  ","2014-01-27T00:00:00.0000000","f3f89de1-0f49-421e-b478-04e19c077773","null","9705a3fb-9d0b-4881-9590-e5ffedf30b66"
"417","Rock","Queen","Killer Queen","/Content/Images/placeholder.gif","0.99","False","False","L2O5NDK9  ","1996-11-28T00:00:00.0000000","4d5f1f76-ed3c-4569-ac33-462726fc5d04","null","2903ea7b-12ea-49ea-aa58-64b2f4b99e7d"
"418","Rock","Queen","We Will Rock You","/Content/Images/placeholder.gif","0.99","False","False","h53y15SS  ","2020-02-20T00:00:00.0000000","db32f689-a8c9-4920-9118-43eec861ba6a","null","7b427b82-0340-49a7-af12-d0f99f4082a2"
"419","Rock","Queen","Bohemian Rhapsody","/Content/Images/placeholder.gif","0.99","False","False","jH2krJMz  ","1997-03-19T00:00:00.0000000","6bf03784-09d2-44e4-a078-bb86ab1e54c1","null","cc30a12d-14be-4071-b54b-a42f310652fc"
"420","Rock","Lynyrd Skynyrd","Call Me The Breeze","/Content/Images/placeholder.gif","0.99","True","False","AYbSlsgN  ","2010-05-09T00:00:00.0000000","675c9168-e8f0-4ce4-80f7-e6934b9fb333","null","ea1dc8ff-c512-4b85-84f2-6fd61f8767ed"
"421","Rock","Lynyrd Skynyrd","Free Bird","/Content/Images/placeholder.gif","0.99","False","False","EZYpOPbD  ","2004-08-13T00:00:00.0000000","1ef4b242-85ca-466a-b9a0-9c844d36a6d7","null","c316e6af-f88d-4c05-bb6c-33c3815eef2b"
"422","Rock","Lynyrd Skynyrd","Sweet Home Alabama","/Content/Images/placeholder.gif","0.99","True","False","zriZ7fZe  ","2006-03-05T00:00:00.0000000","71a10c7d-603d-4354-a415-5769404e6440","null","146168f2-6002-4320-87a3-ee21ef22c0e3"
"423","Rock","Derek And The Dominos","Layla","/Content/Images/placeholder.gif","0.99","False","False","cqYBZuFd  ","2003-07-09T00:00:00.0000000","413ce529-9fb6-483a-a1c3-7e1033c749f0","null","8a32c898-aa68-4083-84c4-d1519e5b6669"
"424","Rock","Eagles","Witchy Woman","/Content/Images/placeholder.gif","0.99","True","False","4aEUfnhe  ","2009-02-10T00:00:00.0000000","18650fa2-94bc-4871-8cca-acb4c6e03043","null","d032915d-013c-4c49-a2a1-1ba8e094d115"
"425","Rock","Eagles","Take It Easy","/Content/Images/placeholder.gif","0.99","False","False","980xnrB7  ","2002-03-21T00:00:00.0000000","d0b5c704-0b88-4900-a929-8a2f9e518f86","null","82edc363-8457-449f-821d-fbf841e1e94a"
"426","Rock","Eagles","Already Gone","/Content/Images/placeholder.gif","0.99","False","False","yXwWYoLa  ","2011-01-08T00:00:00.0000000","a6dac8c7-15cb-4984-a26b-89ebdb87b70e","null","37bedaca-21d4-43b2-ac5d-323ff8d27e38"
"427","Rock","Eagles","Hotel California","/Content/Images/placeholder.gif","0.99","False","False","50y0Wy7F  ","2017-01-05T00:00:00.0000000","d727ce5a-7a93-48e0-903a-3e75025ef33f","null","caf963ae-22a6-42a5-8589-8b90286183d2"
"428","Rock","Who","Bargain","/Content/Images/placeholder.gif","0.99","True","False","DpV4bGei  ","2005-02-24T00:00:00.0000000","fc56d2e9-5d89-4830-b032-c701c6a2a3e2","null","f8cb74ae-bdc0-4f0c-b618-c025547ebe0f"
"429","Rock","Who","Behind Blue Eyes","/Content/Images/placeholder.gif","0.99","True","False","Q4zCnhVL  ","1997-11-10T00:00:00.0000000","08075ed1-d8bd-4042-b635-e06ee0546053","null","2ce65260-2ab7-40c9-8589-f9c6ac206f9a"
"430","Rock","Who","Baba O'Riley","/Content/Images/placeholder.gif","0.99","False","False","pjjk7Uhc  ","2017-02-15T00:00:00.0000000","ec323490-7b2c-4571-8046-74e92c12f1f2","null","1c441789-fbc4-49ed-aba2-134602e788a2"
"431","Rock","Beatles","Eleanor Rigby","/Content/Images/placeholder.gif","0.99","False","False","eHGokavf  ","2012-10-11T00:00:00.0000000","c5f1b658-40db-4ebb-93ae-e880ec336bde","null","2ab0279b-f016-40d8-a72c-b33d24295feb"
"432","Rock","Beatles","Revolution","/Content/Images/placeholder.gif","0.99","True","False","nFp2kMC7  ","1999-09-17T00:00:00.0000000","5fb13ebf-4bc3-4bbc-83d1-3008d0df9e02","null","912dd091-c17c-49ab-a9ef-31b29f9f8de0"
"433","Rock","Beatles","In My Life","/Content/Images/placeholder.gif","0.99","False","False","YkrrtJmo  ","2015-05-19T00:00:00.0000000","5e8d9c74-a638-4b9b-83f5-1f1a8778a01a","null","217f4be8-2483-457c-b6d1-d155b6564735"
"434","Rock","Beatles","Rocky Racoon","/Content/Images/placeholder.gif","0.99","True","False","SAVlOUVX  ","2019-02-23T00:00:00.0000000","c610dc32-e7d9-48c8-a4fc-a07a222c0732","null","09dab16e-b52e-4328-94de-beffc7f39842"
"435","Country","Hank Snow","I'm Moving On","/Content/Images/placeholder.gif","0.99","False","False","PDSR8djY  ","2005-06-07T00:00:00.0000000","3eceb383-a7ab-4505-939f-e041b7623a10","null","ddf5ebfa-611c-46cc-b712-004f57f49052"
"436","Country","Loretta Lynn","Blue Yodel","/Content/Images/placeholder.gif","0.99","False","False","CjUdFxAH  ","2017-12-06T00:00:00.0000000","e44e2e5d-4295-4cd4-a888-e69d6650a73d","null","36cd3e2a-5138-4d07-9e5a-323efd49056b"
"437","Country","Garth Brooks","Friends In Low Places","/Content/Images/placeholder.gif","0.99","False","False","uoeaPld7  ","2012-10-08T00:00:00.0000000","29a184e1-9eb7-48ab-a152-340d3ec1e9bc","null","92d66adc-51b0-4ade-9d57-8afdcf30bd96"
"438","Country","Garth Brooks","The Dance","/Content/Images/placeholder.gif","0.99","False","False","sCC1WE7o  ","2000-10-10T00:00:00.0000000","dc69fbd8-efdc-4c22-a649-a60becc74c80","null","8c54c80b-407a-4d4c-b176-a2eac3c81e3e"
"439","Country","Willie Nelson","Always On My Mind","/Content/Images/placeholder.gif","0.99","False","False","2rfah59F  ","2002-01-20T00:00:00.0000000","b437ce71-9e9d-46c9-9b81-529877f22a9b","null","b8b9a267-e153-422a-a4f8-ad06c8e28d87"
"440","Country","Willie Nelson","Blue Eyes Crying In The Rain","/Content/Images/placeholder.gif","0.99","False","False","MuPbjcz6  ","2015-02-28T00:00:00.0000000","cb2ba91b-35f2-491b-8425-f7662171d609","null","895aad5f-ad00-4a9e-8e62-4e7d543334f6"
"441","Country","Roy Acuff","Wabash Cannonball","/Content/Images/placeholder.gif","0.99","False","False","L7juRMjC  ","2012-12-03T00:00:00.0000000","6110965a-6827-4bd3-9553-367707c2faa7","null","543b36a2-d421-4d54-a5fa-9fd326903df3"
"442","Country","Dolly Parton","I Will Always Love You","/Content/Images/placeholder.gif","0.99","False","False","1TuoLsnk  ","1996-06-06T00:00:00.0000000","a69d7886-49a4-416a-a68e-d2579e175b5d","null","91c80d6b-e946-4d6a-86e1-f9d3ce295791"
"443","Country","Johnny Cash","Ring of Fire","/Content/Images/placeholder.gif","0.99","False","False","rLcajRZq  ","1999-06-10T00:00:00.0000000","0f0af7e0-df88-4b8e-9e77-8da1ca9f9b51","null","9991fa9d-ffe1-4905-b4a9-ee7dd35c918d"
"444","Country","Johnny Cash","I Walk The Line","/Content/Images/placeholder.gif","0.99","False","False","9HWrfsry  ","2005-07-16T00:00:00.0000000","1e1517eb-8d6d-4bbf-bf4a-f7361508c208","null","7ab11a84-fbb7-4ebd-9c32-70849ecb1b29"
"445","Country","Eddy Arnold","Make The World Go Away","/Content/Images/placeholder.gif","0.99","False","False","Q5FlGude  ","2004-06-14T00:00:00.0000000","507c9ecd-7e5a-4d03-aeb6-76aa1517dc8b","null","58afdbec-8406-466e-b22b-449b17bfd863"
"446","Country","Randy Travis","Forever & Ever, Amen","/Content/Images/placeholder.gif","0.99","False","False","AJtGWfTn  ","2009-04-18T00:00:00.0000000","794e05a5-21bf-4dcf-9098-7dce192e7e50","null","4e9bf4fc-a0eb-4070-bee1-d8a111245f88"
"447","Country","Patsy Cline","I Fall To Pieces","/Content/Images/placeholder.gif","0.99","False","False","oMVu7SLQ  ","1999-07-10T00:00:00.0000000","3fb31055-b32e-4f6f-95e1-d85ea0bafbd9","null","10b8f663-d34c-42db-987a-6e61003ab6ac"
"448","Country","Patsy Cline","Crazy","/Content/Images/placeholder.gif","0.99","False","False","hWSAGiux  ","2003-12-30T00:00:00.0000000","c88ec5a1-ae64-4976-a077-b2e5670e4eaa","null","3e0f650a-4b6a-46c9-a46c-e9ac599fdcba"
"449","Country","Tammy Wynette","Stand By Your Man","/Content/Images/placeholder.gif","0.99","False","False","frdgDw4w  ","2016-12-19T00:00:00.0000000","72a53e82-7396-4fd3-864c-bee9b8828465","null","4d37ef80-8578-4b23-937e-4c30898bfdb9"
"450","Country","The Carter Family","Can The Circle Be Unbroken","/Content/Images/placeholder.gif","0.99","False","False","T3LMYLIR  ","2009-02-13T00:00:00.0000000","17acf8b3-0ef4-437d-804b-e0a329efce72","null","b1c89719-2308-49aa-806b-65635ecd3d3d"
"451","Country","Bill Monroe","Blue Moon of Kentucky","/Content/Images/placeholder.gif","0.99","False","False","vDgcqTgK  ","2010-05-22T00:00:00.0000000","b76bffbf-0bf6-4814-ad66-b05a2d87a50f","null","ab6c948d-bb56-4f24-9221-0a6e25aaefc7"
"452","Country","George Jones","He Stopped Loving Her Today","/Content/Images/placeholder.gif","0.99","False","False","vvfemQfq  ","2013-04-09T00:00:00.0000000","c70f5da3-73eb-4335-9154-4481d706dd3f","null","9a2b8836-09ca-4dc2-8a2a-fc317f9b67ce"
"453","Country","Hank Williams","I'm So Lonesome I Could Cry","/Content/Images/placeholder.gif","0.99","False","False","HxDGhu8z  ","2014-11-06T00:00:00.0000000","2a07f073-c4c6-4216-9f06-59b7c4b50a42","null","779a6dfa-6d69-4e12-8bc9-3c4abf61203a"
"454","Country","Bob Wills","New San Antonio Rose","/Content/Images/placeholder.gif","0.99","False","False","nMFYSrZw  ","2020-01-08T00:00:00.0000000","9502ef58-a46e-4e4c-a261-abebd8ae7540","null","b39f7e02-fcd6-49bb-be99-3ea7fdf6de8f"
"455","Rock","Heart","Crazy On You","/Content/Images/placeholder.gif","0.99","True","False","mgZSP1Ph  ","2017-11-05T00:00:00.0000000","fe87da05-3a45-4d05-bf4e-89e5113c1afe","null","3c09f2cf-ad74-408c-a1cd-2a8cdbe07e50"
"456","Country","Kitty Wells","It Wasn't God","/Content/Images/placeholder.gif","0.99","False","False","bCGDqkBb  ","2018-05-05T00:00:00.0000000","4b664089-2711-4ce9-be32-bea0f3752eff","null","3f3cbcd7-4167-4bca-abfd-648f5bd4fba7"
"457","Country","Conway Twitty","Hello Darlin' ","/Content/Images/placeholder.gif","0.99","False","False","t3kHBcsD  ","1998-09-08T00:00:00.0000000","3d186b8f-4ac4-40e2-b016-7d6b14407b84","null","9e1a5614-c2d2-4365-8aab-5fa6bb2acb45"
"458","Rock","Beatles","Come Together","/Content/Images/placeholder.gif","0.99","True","False","rjvYKGDO  ","2006-12-03T00:00:00.0000000","b853c928-68d6-4725-9d5f-d866ca22e9b5","null","b497f6c7-c858-408c-89d5-5fd1acedf847"
"459","Rock","Beatles","Strawberry Fields Forever","/Content/Images/placeholder.gif","0.99","False","False","7G16UAwP  ","2012-06-03T00:00:00.0000000","3d9d56b5-0cb1-43d4-893f-82c044bc3ada","null","c0de9aa2-7fc8-4400-9c49-9f7b885c22f9"
"460","Rock","Beatles","You've Got to Hide Your Love Away","/Content/Images/placeholder.gif","0.99","False","False","D2ukXota  ","2013-04-04T00:00:00.0000000","c1d3cb5c-f2f9-4a00-a415-350ff4f1ab13","null","daea89c3-9580-477f-82db-e1e67d3e9367"
"461","Rock","Beatles","Sgt. Pepper/With A Little Help","/Content/Images/placeholder.gif","0.99","False","False","RcVevbTj  ","2007-07-14T00:00:00.0000000","6591d9a7-ed6d-4fd9-b2b1-a8c859ab5c39","null","58a14abd-a87e-4cbe-8020-b39db6f71734"
"462","Rock","Beatles","Here Comes The Sun","/Content/Images/placeholder.gif","0.99","True","False","gaCNFseX  ","2008-01-01T00:00:00.0000000","806a35a1-abf8-4cbc-9fdc-aaad2a9b95d7","null","d3ce9637-a36a-44a3-b399-04efa6e8b845"
"463","Rock","Beatles","A Day in the Life","/Content/Images/placeholder.gif","0.99","False","False","Chi9dz78  ","2008-11-27T00:00:00.0000000","884fbfc1-1491-4bfd-bd81-2567632715e6","null","32eda143-b832-4a6d-8062-51c91b29c001"
"464","Rock","Beatles","While My Guitar Gently Weeps","/Content/Images/placeholder.gif","0.99","False","False","yFXqbJdO  ","2002-01-18T00:00:00.0000000","55fb6ee5-1c1e-4022-a971-1672e86abb65","null","09e6f972-8bcc-4378-8d40-9516f1909d01"
"465","Rock","Beatles","Let It Be","/Content/Images/placeholder.gif","0.99","False","False","TJFrlb7r  ","2018-01-08T00:00:00.0000000","8d230604-e5c8-44f6-a248-e0f1160ef6c0","null","21d525f5-5463-4760-8883-91d3023c318f"
"466","Rock","Beatles","Hey Jude","/Content/Images/placeholder.gif","0.99","False","False","Yc6eSfAx  ","2005-04-29T00:00:00.0000000","b7796eeb-4ea5-49b3-95f3-2985c1435393","null","6581e7cb-a71c-4dc9-88c2-0aecec40c044"
"467","Rock","Led Zeppelin","Going To California","/Content/Images/placeholder.gif","0.99","True","False","lOBcvYzi  ","1996-09-01T00:00:00.0000000","a4c3bcf1-267d-49ac-8ead-6a00ee4c8061","null","909be22a-aedd-447f-84ba-2c40d28187be"
"468","Rock","Led Zeppelin","Fool In the Rain","/Content/Images/placeholder.gif","0.99","False","False","xMGSf1Uh  ","1997-05-24T00:00:00.0000000","5938f46c-a60d-48ed-83b0-10296a50a7da","null","f785e189-c92c-47e3-b00f-cad529398288"
"469","Rock","Led Zeppelin","Immigrant Song","/Content/Images/placeholder.gif","0.99","False","False","JfawKSD1  ","2003-05-16T00:00:00.0000000","9eb9c617-704e-4109-8635-1adebb4508dc","null","0e378e7d-c39b-4ed7-a917-2e58a677f71d"
"470","Rock","Led Zeppelin","Dancing Days","/Content/Images/placeholder.gif","0.99","False","False","BgxCuIjK  ","2010-09-24T00:00:00.0000000","c0baf0e5-058a-4ace-aea0-027787a73b3b","null","93d81f22-31fe-4268-9d6b-45080d195130"
"471","Rock","Led Zeppelin","Ramble On","/Content/Images/placeholder.gif","0.99","True","False","7hkg4k0E  ","2002-08-28T00:00:00.0000000","eb81787f-9b98-44ed-a7c9-54b9087b7e2c","null","5ad2f060-c167-462f-a822-5443e3da62d1"
"472","Rock","Led Zeppelin","Over the Hills and Far Away","/Content/Images/placeholder.gif","0.99","True","False","kUGgvmTX  ","2015-11-18T00:00:00.0000000","b386d88e-6478-4895-a332-394593055858","null","8cea2f56-2299-4fff-8439-75d6c6f67e71"
"473","Rock","Led Zeppelin","Whole Lotta Love","/Content/Images/placeholder.gif","0.99","False","False","X8XTvqW9  ","1998-04-15T00:00:00.0000000","46ced589-0e70-4b7e-bfe1-ebf1774a3f3a","null","a4f47169-a03d-49ed-8a22-8099e0ddcec5"
"474","Rock","Led Zeppelin","Kashmir","/Content/Images/placeholder.gif","0.99","False","False","2jx1VYPT  ","2012-03-06T00:00:00.0000000","f276fe5e-780c-4b2a-b44c-a747e333e6ac","null","4a7f3b74-c467-460a-873b-202d52768844"
"475","Rock","Led Zeppelin","Rock and Roll","/Content/Images/placeholder.gif","0.99","False","False","roGpfnyR  ","1996-12-15T00:00:00.0000000","94be2403-54bb-4723-87aa-7de183f4b220","null","944efc4a-f63a-4ddc-b7a0-1b9738b871be"
"476","Rock","Led Zeppelin","Stairway to Heaven","/Content/Images/placeholder.gif","0.99","False","False","10L62IJV  ","2018-08-21T00:00:00.0000000","47d3dfb5-7e9a-4cb1-800e-fca3dfef4afb","null","0f20341f-0570-4a08-b455-29178c12ea90"
"477","Country","Merle Haggard","Mama Tried ","/Content/Images/placeholder.gif","0.99","False","False","EzkWx0AN  ","2008-07-13T00:00:00.0000000","e3d52647-954f-4199-8b0d-f0f416608b68","null","63f10fde-9076-4230-b4d8-1203d70b6405"
"478","Classical","Yo-Yo Ma","Bach: The Cello Suites","/Content/Images/placeholder.gif","0.99","False","False","68CowHbI  ","2020-02-13T00:00:00.0000000","c891c6c4-3286-438e-b926-5b158e216514","null","3870e89b-a27b-467c-a738-9ffd071511f8"
"479","Rock","Heart","Magic Man","/Content/Images/placeholder.gif","0.99","False","False","XebnE2ZL  ","1999-03-09T00:00:00.0000000","19da1dfb-bee0-44bf-a6a0-93670b9ccb78","null","7dabe676-62b1-4509-9419-572fbac719a3"
"480","Rock","ZZ Top","Waitin' For The Bus","/Content/Images/placeholder.gif","0.99","False","False","2LAj3YsS  ","2013-09-24T00:00:00.0000000","8537c158-adf7-44a7-8c96-cd81773e8511","null","1a235db1-5526-40d0-b57d-7c4c401260eb"
"481","Rock","Bad Company","Bad Company","/Content/Images/placeholder.gif","0.99","False","False","FRWkbBzX  ","2010-05-22T00:00:00.0000000","7220e483-6c3c-460a-9ebc-33b30089f9ac","null","a0ad4b51-ce34-4fea-bbe4-e817bafcf49d"
"482","Rock","Don McLean","American Pie","/Content/Images/placeholder.gif","0.99","False","False","CCGYq3bL  ","2018-07-27T00:00:00.0000000","5316b293-0acc-4a9a-a05f-5a74cffc4b6d","null","ba0e7e37-ffa9-4926-87f1-7ec57eb24f65"
"483","Rock","CCR","I Heard It Through The Grapevine","/Content/Images/placeholder.gif","0.99","False","False","ekPNagkY  ","2006-02-22T00:00:00.0000000","150e11e4-ef9e-4115-84e4-dd477010a05b","null","7ebf4fd7-d184-49b2-b796-b2c3f9e3b3b2"
"484","Rock","CCR","Run Through The Jungle","/Content/Images/placeholder.gif","0.99","True","False","y6B1Ze6e  ","2000-09-26T00:00:00.0000000","b8d97963-93d8-4fe1-b472-4e84153c0195","null","76dd8eb2-c1e8-44ab-aa3b-571d47dc7eb4"
"485","Rock","CCR","Who'll Stop The Rain","/Content/Images/placeholder.gif","0.99","True","False","AutouxWF  ","2016-07-30T00:00:00.0000000","8ea66247-c3ce-4eb0-b4e1-993ed021e34e","null","9948bea8-40bf-4dcd-8345-f8a1583bf028"
"486","Rock","CCR","Down On The Corner","/Content/Images/placeholder.gif","0.99","True","False","KJObXqH7  ","2017-07-23T00:00:00.0000000","8b0b4ac3-de52-4a98-a1ff-990055d95a2e","null","ee006b3e-dedc-4302-a7d7-8da7c2cc90d3"
"487","Rock","CCR","Fortunate Son","/Content/Images/placeholder.gif","0.99","False","False","B8z3AMGz  ","2018-08-05T00:00:00.0000000","ef768d10-b25b-49a2-96d8-7f1a2c45468d","null","11a25e41-4bac-4f43-a15b-16d5dbbb7f5b"
"488","Rock","Moody Blues","Nights in White Satin","/Content/Images/placeholder.gif","0.99","False","False","HUJvUl99  ","2008-01-09T00:00:00.0000000","ef16913f-ee8e-43f5-9421-582caa2b16e2","null","6e9ac185-e20d-467e-8c5b-e6690a0de935"
"489","Rock","Bad Company","Feel Like Making Love","/Content/Images/placeholder.gif","0.99","False","False","ID248JwN  ","1996-03-03T00:00:00.0000000","c2d4f24c-9aa9-4abe-9ef1-855dfffc405d","null","293d8c75-0c86-461a-ae8a-ab0e13ea079b"
"490","Rock","Santana","Oye Como Va","/Content/Images/placeholder.gif","0.99","False","False","nheKzFbK  ","2009-01-14T00:00:00.0000000","2818a36e-ebd9-4ff0-b5f1-bb591ae1ccdb","null","7124e006-b0ae-4b6f-8b1b-6f5f20518cb4"
"491","Rock","Buffalo Springfield","For What It's Worth","/Content/Images/placeholder.gif","0.99","True","False","SFcF6CCx  ","2008-03-24T00:00:00.0000000","46f8062a-ada2-4a65-b362-b5b4cd4adc14","null","c195a3e8-a221-42d4-9aa1-c831aeeeb591"
"492","Rock","Yes","Long Distance Runaround","/Content/Images/placeholder.gif","0.99","False","False","vlVqBwGE  ","2011-04-05T00:00:00.0000000","ecc3f1a4-3aaf-4384-94b7-a4ade8170605","null","4c476bfe-8b07-4951-be28-00a85fb2f016"
"493","Rock","Yes","Owner of a Lonely Heart","/Content/Images/placeholder.gif","0.99","False","False","zHFHFdAe  ","1998-12-23T00:00:00.0000000","0bd9c2ef-2000-43b8-bcde-069bad5ebb35","null","b0f4944a-151c-4b5e-bff4-67e3f360fc54"
"494","Rock","Yes","I've Seen All Good People","/Content/Images/placeholder.gif","0.99","False","False","Bw9gyfjD  ","2007-08-06T00:00:00.0000000","b35261b4-fe97-4509-9d65-2fd9b450b543","null","0d4d9bb5-48b0-478b-ab33-86fcb3745add"
"495","Rock","Fleetwood Mac","Go Your Own Way","/Content/Images/placeholder.gif","0.99","False","False","3lMnTWxS  ","2013-10-07T00:00:00.0000000","59888aa4-a913-4822-90ad-be5f39e73676","null","eb98a219-6a9f-4f90-b0e2-80a4ba732152"
"496","Rock","Fleetwood Mac","Dreams","/Content/Images/placeholder.gif","0.99","False","False","v0nEP1D8  ","2019-08-23T00:00:00.0000000","144222ae-3568-4a1a-bc7f-21ea16ba3332","null","8af1da31-71b8-4cd4-9658-bed0d6df7915"
"497","Rock","Fleetwood Mac","You Make Lovin' Fun","/Content/Images/placeholder.gif","0.99","True","False","xMvByrap  ","2014-11-19T00:00:00.0000000","c8d928a9-670d-4773-822d-8c44c0dd6b34","null","1dcd2834-51f6-4d31-8784-632e544aeb3a"
"498","Rock","Fleetwood Mac","Oh Well","/Content/Images/placeholder.gif","0.99","False","False","qadtxGj1  ","2019-06-23T00:00:00.0000000","6ce0be0a-107f-40ac-90a5-3c39d7836d78","null","769fbc17-acac-4ac8-a982-fbce9c63ed16"
"499","Rock","Santana","Black Magic Woman","/Content/Images/placeholder.gif","0.99","False","False","N758bn9X  ","2008-08-19T00:00:00.0000000","55338580-2103-494d-b96c-04d15904b2c5","null","96277c12-6240-4fcc-bab5-5e66a5e63fb2"
"500","Rock","Bad Company","Burnin' Sky","/Content/Images/placeholder.gif","0.99","False","False","ma0Ffu5G  ","1997-03-11T00:00:00.0000000","bb0f51d2-f4be-49e1-a5b3-7527232e0ae1","null","038eee23-3699-426d-bdb9-f2f3f80b8ef5"
"501","Rock","Bad Company","Rock and Roll Fantasy","/Content/Images/placeholder.gif","0.99","False","False","ZGzeJj15  ","2007-11-26T00:00:00.0000000","7f80927a-9d50-4f49-8178-65c31bc84282","null","fb046022-2afe-4026-8903-83e4261e2239"
"502","Rock","Supertramp","The Logical Song","/Content/Images/placeholder.gif","0.99","False","False","Gv1Vc4E5  ","2011-03-23T00:00:00.0000000","89278b2c-2519-4563-9495-13050311c2fa","null","6d32224a-157a-4fa9-b615-294c0a8b7f6c"
"503","Rock","Tom Petty","Runnin' Down a Dream","/Content/Images/placeholder.gif","0.99","False","False","qAyAtMgm  ","2000-12-01T00:00:00.0000000","f56709d9-f339-4fa1-9d71-e31be7fa92f3","null","fbc1e4ad-31ef-4115-9236-08d75f1daab1"
"504","Rock","Tom Petty","Breakdown","/Content/Images/placeholder.gif","0.99","False","False","azZW3VNj  ","2017-01-28T00:00:00.0000000","bc61b6b1-f40f-48d5-aa90-1cab6eb2954d","null","41d994e3-744e-4206-96b8-818656eaddd4"
"505","Rock","Joe Walsh","Rocky Mountain Way","/Content/Images/placeholder.gif","0.99","False","False","wxuQ6LFx  ","2018-12-21T00:00:00.0000000","da6ecbad-3363-464e-8c40-b535a74f2153","null","5cee7f1f-c535-4f9e-9d1b-9f846fe89294"
"506","Rock","Joe Walsh","Life's Been Good","/Content/Images/placeholder.gif","0.99","False","False","ol0WnjWL  ","2018-11-19T00:00:00.0000000","dfdd8260-46a2-4b64-b38a-f83fd039a4c1","null","83a1c948-8828-4e6d-a67c-f0f759ba13ff"
"507","Rock","ELP","Karn Evil","/Content/Images/placeholder.gif","0.99","False","False","WT8t6rzm  ","2018-12-30T00:00:00.0000000","ce3e4da0-19ac-4399-8704-83765081312a","null","4b58929c-bd81-467a-9b8c-79baa067c89b"
"508","Rock","ELP","Lucky Man","/Content/Images/placeholder.gif","0.99","False","False","SHGZTTuW  ","1997-01-14T00:00:00.0000000","bc7fb767-61cc-45ba-a95c-b3380ad9d3f5","null","233de545-e9eb-4a65-96a4-4f1999f8a699"
"509","Rock","ELP","From the Beginning","/Content/Images/placeholder.gif","0.99","False","False","Xwms2gwG  ","2003-12-12T00:00:00.0000000","f26e07e3-13e4-4315-8e51-419434fe642c","null","56e51613-13e3-410a-95b7-8edc98581acc"
"510","Rock","George Thorogood","Who Do You Love","/Content/Images/placeholder.gif","0.99","False","False","VDkbTjTn  ","2019-02-15T00:00:00.0000000","45fec372-bdc3-4336-8a31-e3ed38846f02","null","1ea0aea0-2523-4717-8c0a-64b784fae71a"
"511","Rock","Steely Dan","Reeling In The Years","/Content/Images/placeholder.gif","0.99","False","False","eh76d8OH  ","2018-11-15T00:00:00.0000000","b40f7e63-1a1d-419c-8017-a4ba18716452","null","9c76dc09-ec40-4e3a-9c2a-ef2ad2f8c4a5"
"512","Rock","Steely Dan","Do It Again","/Content/Images/placeholder.gif","0.99","False","False","VAmMYvq8  ","2003-06-05T00:00:00.0000000","49a3c709-c8dc-481d-8b1a-3e65e467484a","null","130b4bc6-2f1f-4d19-a6ca-50657786264b"
"513","Rock","Blue Oyster Cult","Burnin' for You","/Content/Images/placeholder.gif","0.99","False","False","TNSYuTW3  ","2013-08-08T00:00:00.0000000","d7135d76-c0a0-41eb-a352-109c04ce2522","null","a6ae9664-182e-47a4-be4c-016d138e2e9e"
"514","Rock","Blue Oyster Cult","Don't Fear the Reaper","/Content/Images/placeholder.gif","0.99","False","False","d1ieeX7V  ","2008-07-07T00:00:00.0000000","c9943bd4-cf48-4dcd-9cc4-254cf2241833","null","2fdb81ec-2cc6-4636-b375-ac72d3489c10"
"515","Rock","Cars","Good Times Roll","/Content/Images/placeholder.gif","0.99","False","False","1Ut2wJTK  ","2000-12-23T00:00:00.0000000","f2cd15ca-b307-4721-b8f1-0940149ceae3","null","273cdaad-ecab-42c0-846c-60546a840cd1"
"516","Rock","Cars","My Best Friend's Girl","/Content/Images/placeholder.gif","0.99","False","False","C90fn0Ix  ","1998-01-24T00:00:00.0000000","e0a6641b-12f9-450b-bc7b-41d09e9b9de0","null","d403ab49-bbb8-472d-86b6-6e1a9452a03e"
"517","Rock","Cars","Moving in Stereo","/Content/Images/placeholder.gif","0.99","False","False","pb8VSasm  ","2019-09-11T00:00:00.0000000","3d7df50d-5e3f-4bc6-b3a3-e515586fbed6","null","54d8abd4-e5a6-4a1e-b439-ef666779f2fa"
"518","Rock","Cars","Just What I Needed","/Content/Images/placeholder.gif","0.99","False","False","Zc1gTHLQ  ","2018-12-23T00:00:00.0000000","b7c5eb65-b44c-407f-9444-feeaf7fc7563","null","27801028-3e85-4458-8998-86fbf905c783"
"519","Rock","George Harrison","My Sweet Lord","/Content/Images/placeholder.gif","0.99","False","False","hxY9Aw8r  ","2002-10-21T00:00:00.0000000","a9c1a7ce-07ec-41aa-aa8e-afd7ffdd8c8b","null","7f60ae4d-28ea-4115-909c-33d5f6f72856"
"520","Rock","Supertramp","Breakfast In America","/Content/Images/placeholder.gif","0.99","False","False","ZWfz0EG5  ","1998-10-26T00:00:00.0000000","d09f847e-750f-4286-9008-e552aee58d7d","null","27362934-abff-47ae-8484-9080560bb99b"
"521","Rock","Supertramp","Bloody Well Right","/Content/Images/placeholder.gif","0.99","False","False","nDzgc6sN  ","2010-05-20T00:00:00.0000000","80096420-3967-4746-a084-8a40ed939213","null","accc6cba-3678-4b9e-8f8a-56217f3694e1"
"522","Rock","Fleetwood Mac","Gold Dust Woman","/Content/Images/placeholder.gif","0.99","True","False","KhplyGlC  ","2009-06-04T00:00:00.0000000","d6a4a6f4-237f-4bd9-b706-19a36da031b0","null","3b68e4ce-b32e-4514-b377-9f8b5ae111da"
"523","Rock","Fleetwood Mac","The Chain","/Content/Images/placeholder.gif","0.99","False","False","6x5tcgCi  ","2017-07-20T00:00:00.0000000","972b6454-b133-45ee-8790-5bd513488d70","null","1d0651b3-1ea0-4c39-a871-1fa04195d078"
"524","Rock","Police","Every Breath You Take","/Content/Images/placeholder.gif","0.99","False","False","jBbidXmy  ","1995-01-12T00:00:00.0000000","b17990c8-7e70-4e52-a04f-47f515d37133","null","d7a8c5c3-2327-4376-8ac9-184bc050c1ab"
"525","Rock","Police","Walkin' On The Moon","/Content/Images/placeholder.gif","0.99","True","False","EDR8Mzyb  ","2005-03-02T00:00:00.0000000","a3f776d6-cd69-4ff5-a0d9-dce63d23cde7","null","52ca7a79-f388-413e-9fda-c7447148ea49"
"526","Rock","Kinks","You Really Got Me","/Content/Images/placeholder.gif","0.99","False","False","2YHMQ9mp  ","2018-01-01T00:00:00.0000000","ffa476e9-5689-4a58-8549-ffbef8f741e5","null","ee3a7b92-a477-4148-a967-e8cfec52c868"
"527","Rock","Kinks","Lola","/Content/Images/placeholder.gif","0.99","False","False","b5Gj2Av2  ","2015-09-26T00:00:00.0000000","4992c2e9-52d1-4090-8fd3-da959369d0a2","null","40fa4999-c89c-44ec-beb0-adbe742041dd"
"528","Rock","AC/DC","Dirty Deeds","/Content/Images/placeholder.gif","0.99","False","False","hInmO7zT  ","2014-05-25T00:00:00.0000000","301302ac-c5c3-467b-baf6-2f5e64f0d512","null","5b08e4dc-2fa8-4ba0-8cb1-5e1308985c2e"
"529","Rock","AC/DC","Back In Black","/Content/Images/placeholder.gif","0.99","False","False","LJlNzJXg  ","2017-03-04T00:00:00.0000000","83b7f4cb-5f73-4961-8368-00070e0119ca","null","12eb7ae4-931f-4753-b3af-42c39daded1e"
"530","Rock","AC/DC","It's A Long Way to the Top","/Content/Images/placeholder.gif","0.99","False","False","zJNfITRG  ","2012-03-28T00:00:00.0000000","3776cc8b-013c-4552-8927-c3ccbfba431d","null","c96ba06c-e3ba-4fef-8508-84b285549670"
"531","Rock","AC/DC","You Shook Me All Night Long","/Content/Images/placeholder.gif","0.99","True","False","wSG3HJYJ  ","1996-05-12T00:00:00.0000000","0764a141-cfc0-40db-b9ea-16a0f48ce6ad","null","08768a97-1770-4f5a-85ae-83b76c05904c"
"532","Rock","Dire Straits","Money For Nothing","/Content/Images/placeholder.gif","0.99","False","False","rPnGL0Jt  ","2016-05-15T00:00:00.0000000","f283b4a1-5eb1-4c02-8f81-118a01026272","null","81eff591-2aca-4552-8a9a-02e3fc929932"
"533","Rock","Dire Straits","Sultans of Swing","/Content/Images/placeholder.gif","0.99","False","False","OQyGHypG  ","2020-01-06T00:00:00.0000000","9885f1e8-3128-4c43-9e69-8796f7d2330e","null","39b2cba8-fb3f-4469-a03f-8de7bf107252"
"534","Rock","Boston","Don't Look Back","/Content/Images/placeholder.gif","0.99","False","False","m0KWda5H  ","2018-07-03T00:00:00.0000000","0a5d9e40-caf1-4d8f-9a8d-0ed747d9e734","null","e592ee0e-7985-4997-a20f-3dadfb945756"
"535","Rock","Boston","Peace of Mind","/Content/Images/placeholder.gif","0.99","False","False","tAnBbO6C  ","2004-09-17T00:00:00.0000000","1ca8b0bd-7818-4184-9954-779b9d9119f6","null","e854a35e-dfc9-4697-82cc-a67d98d62352"
"536","Rock","Boston","Rock 'n Roll Band","/Content/Images/placeholder.gif","0.99","False","False","KHTxLEHK  ","2014-06-26T00:00:00.0000000","6fdfb18a-79f9-4e56-8181-ba8641e511c7","null","f3be967a-3f75-412e-831a-4abe60a8407f"
"537","Rock","Boston","Longtime","/Content/Images/placeholder.gif","0.99","False","False","HlmKgghD  ","2002-11-05T00:00:00.0000000","6c0cf640-47ef-4c91-b30d-31f4fd09a801","null","0a948ca6-27cb-4eef-8544-e33cb726677e"
"538","Rock","Boston","More Than a Feeling","/Content/Images/placeholder.gif","0.99","False","False","CygDb64S  ","2008-02-04T00:00:00.0000000","2d4c5cfc-f401-4935-97cb-afb0e518e68e","null","5d114791-c2f7-4f78-a45d-90b649d4bf85"
"539","Rock","Van Halen","Runnin' With The Devil","/Content/Images/placeholder.gif","0.99","False","False","kDkxnb8B  ","2004-07-31T00:00:00.0000000","5169db1a-8431-471f-9bae-d4b8e4f4d331","null","de78bc2d-efb4-4c2a-85ee-cd69f1350e51"
"540","Rock","Van Halen","You Really Got Me","/Content/Images/placeholder.gif","0.99","False","False","NRsIHuGM  ","2014-11-21T00:00:00.0000000","c641ee94-349c-485e-8678-42a9edac3702","null","1ad3b467-8eb0-4b99-9410-a9699527614f"
"541","Rock","Aerosmith","Walk This Way","/Content/Images/placeholder.gif","0.99","False","False","w7sWgivK  ","1996-01-07T00:00:00.0000000","4271afcb-8976-4e5a-8e86-a6897f00fff0","null","5eea5f16-f94f-436b-97c8-f711e22b35a1"
"542","Rock","Aerosmith","Sweet Emotion","/Content/Images/placeholder.gif","0.99","False","False","f36jfEjQ  ","1998-09-06T00:00:00.0000000","0724721a-5c6f-4415-afb4-c86443cabc79","null","08da9ec5-a9f6-4a42-aabf-0b1515b91f4f"
"543","Rock","Aerosmith","Dream On","/Content/Images/placeholder.gif","0.99","False","False","n4b8ZuiC  ","2011-02-16T00:00:00.0000000","0df83f38-5cb4-4518-a05a-c0bb1186df97","null","eac8fd05-bff1-444c-b352-635e4298bdb8"
"544","Rock","ZZ Top","Tush","/Content/Images/placeholder.gif","0.99","False","False","qssbCSxG  ","2005-01-11T00:00:00.0000000","a0a5ad14-6621-48b8-a85b-c8414f2bc412","null","dfe0a293-0f40-494f-81be-828cd3b2c60b"
"545","Rock","Kansas","Carry on Wayward Son","/Content/Images/placeholder.gif","0.99","False","False","feyuidJ7  ","2011-11-15T00:00:00.0000000","2efbb957-ae6a-4978-94da-9fece5bf2696","null","6305210a-7d86-4384-a2a6-4c1877882367"
"546","Rock","ZZ Top","La Grange","/Content/Images/placeholder.gif","0.99","True","False","qUmVY4Ux  ","2017-08-12T00:00:00.0000000","27eefbfa-deaa-44c0-a183-08970fa55edd","null","a790fe41-ddcd-4de8-9f9b-9fc04a96b332"
"547","Rock","Kansas","Dust in the Wind","/Content/Images/placeholder.gif","0.99","False","False","ENhKWQg4  ","2009-03-04T00:00:00.0000000","99374c00-48a7-4fd3-b8a2-c0245fd6b4ef","null","23371492-99cf-4b40-b267-01fbb5f58a0e"
"548","Rock","Elton John","Rocket Man","/Content/Images/placeholder.gif","0.99","True","False","OUGY9cAp  ","2003-06-24T00:00:00.0000000","4316e3b6-bbb4-441d-9a88-bc700aba7518","null","2f0bd514-752a-4ff2-bc9c-1f3cfb1999ab"
"549","Rock","Police","Roxanne","/Content/Images/placeholder.gif","0.99","False","False","wDxtCBTC  ","1997-01-07T00:00:00.0000000","f34780fa-7052-427d-9f86-2f4c5de81c10","null","42b3cd4a-a560-4724-88c2-42f485098101"
"550","Rock","Steve Miller","Fly Like An Eagle","/Content/Images/placeholder.gif","0.99","True","False","bd1cfEZV  ","2004-11-24T00:00:00.0000000","c8a90716-3f79-4b1a-ba0d-84004025b0fb","null","8203ebea-8ca1-4e10-a166-663d5f092397"
"551","Rock","Steve Miller","Take The Money And Run","/Content/Images/placeholder.gif","0.99","True","False","kfryzoMW  ","2006-10-16T00:00:00.0000000","01df94a0-26cd-43a3-a038-1aceee1bf4ed","null","84e04b27-c1ce-46fd-9d21-2afc2fc1afba"
"552","Rock","Steve Miller","The Joker","/Content/Images/placeholder.gif","0.99","False","False","xrZw1fH0  ","2004-01-20T00:00:00.0000000","c3b19ee6-29ae-4b97-8005-551a254c8fc3","null","4ae637fd-3639-408e-bbaa-ed1247f9b5db"
"553","Rock","Rush","Subdivisions","/Content/Images/placeholder.gif","0.99","True","False","ozqnZKyc  ","2013-11-05T00:00:00.0000000","d5301d89-310c-4834-943b-3abdd5cdac9d","null","18233ad3-904b-45cd-9d2d-cc10c4f99832"
"554","Rock","Rush","The Spirit of Radio","/Content/Images/placeholder.gif","0.99","False","False","ZA2GGbmt  ","1996-12-07T00:00:00.0000000","9e933325-3ee7-4eb7-a8e4-3e03a1811ac8","null","2f85feed-63be-4e84-884b-3569d30baa65"
"555","Rock","Rush","Tom Sawyer","/Content/Images/placeholder.gif","0.99","True","False","upsiP8t9  ","1995-12-26T00:00:00.0000000","2f438491-a29b-4cae-bb61-6835c8fa9c0c","null","f006fd56-2a6b-46fa-bd66-c1d37c231e9b"
"556","Rock","Steppenwolf","Born To Be Wild","/Content/Images/placeholder.gif","0.99","False","False","lHdNVKxk  ","2016-02-24T00:00:00.0000000","4e90406d-e06f-4c64-a4ec-bfe64db35e53","null","0bfcf8a2-217f-478f-b6a5-b3db5b9f1b5d"
"557","Rock","Steppenwolf","Magic Carpet Ride","/Content/Images/placeholder.gif","0.99","False","False","CuAu08cX  ","1999-04-15T00:00:00.0000000","dd7d38bb-080c-425b-a2f6-18e4c93faf50","null","74feefca-c408-47a5-a390-e770a80a082a"
"558","Rock","U2","New Year's Day","/Content/Images/placeholder.gif","0.99","False","False","X6dQxdqA  ","1996-01-04T00:00:00.0000000","a22aa690-230a-426f-a138-2ef63f175def","null","df98a5a1-e6f6-4410-93d7-8f2491ba4a56"
"559","Rock","U2","With Or Without You","/Content/Images/placeholder.gif","0.99","False","False","Vnlgks5G  ","2018-10-13T00:00:00.0000000","5c618e48-150b-4cea-9da2-bcb3311be68f","null","a7a9498b-cfac-48d7-b687-f221d67834b9"
"560","Rock","U2","I Still Haven't Found","/Content/Images/placeholder.gif","0.99","False","False","hThWgeWz  ","1998-06-17T00:00:00.0000000","9ef91068-6955-4191-b19c-378ce3b52243","null","233adfbf-4e1a-4ca5-84aa-650b027b0eb9"
"561","Rock","Jethro Tull","Cross-Eyed Mary","/Content/Images/placeholder.gif","0.99","False","False","brqIZ6hB  ","2016-04-26T00:00:00.0000000","eca0b042-26e9-48fa-bac9-d774384afd6a","null","0041cdc1-1f84-4ea1-a352-d47b215c7f32"
"562","Rock","Jethro Tull","Aqualung","/Content/Images/placeholder.gif","0.99","True","False","7tFCYmZ7  ","2007-03-28T00:00:00.0000000","220427af-8223-4a55-af7c-7ce6f0b8963b","null","4f028e2a-f5f6-45ef-95f7-a63cabdde636"
"563","Rock","Jethro Tull","Locomotive Breath","/Content/Images/placeholder.gif","0.99","True","False","ewh1D9r4  ","2018-10-10T00:00:00.0000000","278d9ad1-ddc4-4ca3-b12a-242d71a328f8","null","f39d4fad-2604-4169-b6ab-2bf5e570d428"
"564","Rock","Elton John","Your Song","/Content/Images/placeholder.gif","0.99","False","False","pMaG30YT  ","2010-11-15T00:00:00.0000000","99f42f56-d8d3-4409-a66b-44a4f821c508","null","f3ed7ffb-4d32-4960-9c99-3624c8207382"
"565","Rock","Elton John","Goodbye Yellow Brick Road","/Content/Images/placeholder.gif","0.99","False","False","WetBoCYH  ","2015-04-21T00:00:00.0000000","a5fc0c11-04bb-40fe-8b7a-4c6b8b7b09de","null","41cd1616-485c-41ed-8486-89c400f2ebd5"
"566","Rock","Elton John","Levon","/Content/Images/placeholder.gif","0.99","False","False","08pVdtww  ","2007-01-11T00:00:00.0000000","74d7ed7f-bb06-43da-9b75-8f4c4b34388d","null","7b5f6b0b-6304-46b8-a474-437f30774028"
"567","Rock","Elton John","Bennie & The Jets","/Content/Images/placeholder.gif","0.99","False","False","HkRTQ4Zz  ","2004-05-26T00:00:00.0000000","9f69d6c5-3d4a-45b3-9303-12d469d93e59","null","e226474b-a1be-4709-9c30-528e43432699"
"568","Rock","Elton John","Tiny Dancer","/Content/Images/placeholder.gif","0.99","False","False","quW1jrFK  ","2017-10-13T00:00:00.0000000","7ae50be9-3cad-4a73-a31a-0648b6d290a8","null","41e9893d-bbbd-4df1-bf44-9d7219e38380"
"569","Latin","Zeca Pagodinho","Ao Vivo","/Content/Images/placeholder.gif","0.99","False","False","Ub2Xt0cc  ","2013-04-21T00:00:00.0000000","a598a514-888c-4d09-8960-92d1edc86e92","null","1f6ba809-a337-47f1-8359-8de9e24229c6"
"570","Classical","Cake","Dessert","null","0.98","False","False","123456    ","null","00000000-0000-0000-0000-000000000000","null","dc2c403a-2759-4b37-a168-97c5958ccf54"
