Artist,Single,Title,Year,Genre,Status,Medium,Condition
4 Non Blondes,Whats Up?,Bigger,1992,Rock,Posted,Album,Good
AC DC,Black Ice,Black Ice,2018,Rock,Posted,CD,Fair 
AC DC,You Shook Me All Night Long,Back in Black,1980,Rock,Posted,CD,New
AC DC,Thunderstruck,The Razors Edge,1990,Rock,Posted,CD,Fair 
AC DC,Jailbreak,Dirty Deeds Done Dirt Cheap,1976,Rock,Posted,CD,Excellent
AC DC,Moneytalks,The Razors Edge,1990,Rock,Posted,Album,Excellent
AC DC,Highway to Hell,Highway to Hell,1979,Rock,Posted,Album,Good
AC DC,Hells Bells,Back in Black,1980,Rock,Posted,Album,Poor
AC DC,TNT,TNT,1976,Rock,Posted,CassetteTape,Good
AC DC,Back in Black,Back in Black,1980,Rock,Posted,CD,Good
Aerosmith,The Other Side,Pump,1989,Rock,Posted,EightTrack,New
Aerosmith,What it Takes,Pump,1989,Rock,Posted,CD,New
Aerosmith,Rag Doll,Permanent Vacation,1987,Rock,Posted,CD,Good
Aerosmith,Dude Looks Like a Lady,Permanent Vacation,1987,Rock,Posted,Album,New
Aerosmith,Pink,Nine Lives,1997,Rock,Posted,CD,Excellent
Aerosmith,Falling in Love is Hard on the Knees,Nine Lives,1997,Rock,Posted,CassetteTape,New
Aerosmith,Mia,Night in the Ruts,1979,Rock,Posted,CD,Good
Aerosmith,Walk This Way,Toys in the Attic,1975,Rock,Posted,CD,Fair 
Aerosmith,Sweet Emotion,Toys in the Attic,1975,Rock,Posted,CD,Poor
Aerosmith,Janies Got a Gun,Pump,1989,Rock,Posted,Album,Excellent
Aerosmith,Crazy,Get a Grip,1993,Rock,Posted,CassetteTape,Excellent
Aerosmith,Dream On,Aerosmith,1973,Rock,Posted,CassetteTape,New
Aerosmith,Hole in My Soul,Nine Lives,1997,Rock,Posted,CassetteTape,Excellent
Aerosmith,No More No More,Toys in the Attic,1975,Rock,Posted,Album,Excellent
Aerosmith,Love in an Elevator,Pump,1989,Rock,Posted,EightTrack,Excellent
Aerosmith,Livin On The Edge,Get a Grip,1993,Rock,Posted,CassetteTape,Fair 
Aerosmith,I Dont Want to Miss a Thing,Armageddon: The Album,1998,Rock,Posted,EightTrack,Good
Alabama Shakes,Always Right,Single,2013,Indie Rock,Posted,CD,New
Alanis Morissette,Guardian,Havoc and Bright Lights,2012,Alternative Rock,Posted,CassetteTape,New
Alice Cooper,Poison,Thrash,1989,Rock,Posted,EightTrack,Excellent
Alice Cooper,No More Mr Nice Guy,Billion Dollar Babies,1973,Rock,Posted,Album,Good
Alice Cooper,You and Me,Lace and Whiskey,1977,Rock,Posted,Album,Fair 
Alice in Chains,No Excuses,Jar of Flies,1994,Alternative Rock,Posted,EightTrack,New
Alice in Chains,Voices,The Devil Put Dinosaurs Here,2013,Alternative Rock,Posted,EightTrack,Poor
Alice in Chains,Would?,Dirt,1992,Grunge,Posted,CD,Fair 
Alice in Chains,Man in the Box,Facelift,1990,Grunge,Posted,EightTrack,Excellent
Arctic Monkeys,Fake Tales of San Francisco,Whatever People Say I Am Thats What Im Not,2006,Indie Rock,Posted,EightTrack,New
Asia,Only Time Will Tell,Asia,1982,Rock,Posted,CD,Excellent
Audioslave,Original Fire,Revelations,2006,Rock,Posted,Album,Fair 
Bachman-Turner Overdrive,Hold Back the Water,Bachman-Turner Overdrive,1973,Rock,Posted,CD,Excellent
Bad Religion,A Walk,The Gray Race,1996,Punk,Posted,CD,Poor
Bad Religion,American Jesus,Recipe for Hate,1993,Punk,Posted,CD,Excellent
Badfinger,Day after day,Straight Up,1971,BritRock,Posted,Album,Poor
Badfinger,No Matter What,No Dice,1970,BritRock,Posted,CD,Fair 
Big Brother and the Holding Company,Piece of my Heart,Cheap Thrills,1968,Blues Rock,Posted,Album,Fair 
Bill Haley and His Comets,Rock Around the Clock,Rock Around the Clock,1955,Rock and Roll,Posted,Album,Fair 
Billy Idol,Dancing With Myself,Dont Stop,1981,Rock,Posted,CD,Poor
Billy Idol,Rebel Yell,Rebel Yell,1983,Rock,Posted,Album,New
Billy Idol,Eyes Without a Face,Rebel Yell,1983,Rock,Posted,Album,Good
Billy Idol,Sweet Sixteen,Whiplash Smile,1986,Rock,Posted,Album,Fair 
Black Sabbath,The Wizard,Black Sabbath,1970,BritRock,Posted,Album,Excellent
Black Sabbath,Children of the Grave,Master of Reality,1971,BritRock,Posted,Album,Fair 
Black Sabbath,War Pigs,Paranoid,1970,BritRock,Posted,Album,New
Black Sabbath,NIB,Black Sabbath,1970,BritRock,Posted,CD,Good
Black Sabbath,Heaven and Hell,Heaven and Hell,1980,BritRock,Posted,CD,Fair 
Black Sabbath,Sabbath Bloody Sabbath,Sabbath Bloody Sabbath,1973,BritRock,Posted,EightTrack,Excellent
Black Sabbath,Paranoid,Paranoid,1970,BritRock,Posted,Album,Good
Black Sabbath,Iron Man,Paranoid,1970,BritRock,Posted,EightTrack,Fair 
blink-182,Darkside,Nine,2019,Punk,Posted,EightTrack,Excellent
Bliss,I Hear You Call,Loveprayer,1989,BritRock,Posted,Album,Excellent
Blondie,Hanging on the Telephone,Parallel Lines,1978,Rock,Posted,Album,Poor
Blondie,Dreaming,Eat to the Beat,1979,Rock,Posted,CD,New
Blondie,Call Me,American Gigolo soundtrack,1980,Rock,Posted,Album,Good
Blue Oyster Cult,Joan Crawford,Fire of Unknown Origin,1981,Rock,Posted,EightTrack,Poor
Blue Oyster Cult,Dont Fear the Reaper,Agents of Fortune,1976,Rock,Posted,CassetteTape,New
Blue Oyster Cult,Godzilla,Spectres,1977,Rock,Posted,CassetteTape,Poor
Bob Dylan,Hurricane,Desire,1976,Rock,Posted,EightTrack,Fair 
Bob Dylan,Knockin on Heavens Door,Pat Garrett and Billy the Kid,1973,Rock,Posted,EightTrack,Good
Bon Jovi,Born to Be My Baby,New Jersey,1988,Rock,Posted,Album,Good
Bon Jovi,Let It Rock,Slippery When Wet,1986,Rock,Posted,EightTrack,Good
Bon Jovi,In These Arms,Keep the Faith,1992,Rock,Posted,EightTrack,New
Bon Jovi,Bad Medicine,New Jersey,1988,Rock,Posted,CassetteTape,New
Bon Jovi,Runaway,Bon Jovi,1984,Rock,Posted,Album,Fair 
Bon Jovi,Keep the Faith,Keep the Faith,1992,Rock,Posted,CassetteTape,New
Bon Jovi,You Give Love a Bad Name,Slippery When Wet,1986,Rock,Posted,CD,Good
Bon Jovi,Livin on a Prayer,Slippery When Wet,1986,Rock,Posted,Album,New
Bon Jovi,Always,Cross Road,1994,Rock,Posted,Album,Poor
Bon Jovi,Its My Life,Crush,2000,Rock,Posted,CD,Excellent
Bon Jovi,Misunderstood,Bounce,2001,Rock,Posted,CD,Poor
Bon Jovi,Blood on Blood,New Jersey,1988,Rock,Posted,CD,Poor
Boston,Peace of Mind,Boston,1976,Rock,Posted,CD,Excellent
Boston,More Than a Feeling,Boston,1976,Rock,Posted,CassetteTape,Poor
Brian Setzer,Summertime Blues,La Bamba soundtrack,1987,Rock and Roll,Posted,CD,Good
Bruce Dickinson,Chemical Wedding,The Chemical Wedding,1998,Heavy Metal,Posted,CassetteTape,Fair 
Bruce Dickinson,Tears of the Dragon,Balls to Picasso,1994,Heavy Metal,Posted,Album,Good
Bruce Springsteen,Dancing in the Dark,Born in the USA,1984,Rock,Posted,EightTrack,New
Bruce Springsteen,Born In The USA,Born in the USA,1984,Rock,Posted,EightTrack,Poor
Chubby Checker,Lets Twist Again,Single,1961,Rock and Roll,Posted,EightTrack,Good
Coldplay,Viva la Vida,Viva la Vida or Death and All His Friends,2008,BritRock,Posted,EightTrack,New
Collective Soul,Shine,Hints Allegations and Things Left Unsaid,1993,Alternative Rock,Posted,Album,Good
Collective Soul,December,Collective Soul,1995,Alternative Rock,Posted,Album,Poor
Concrete Blonde,Heal It Up,Mexican Moon,1993,Alternative Rock,Posted,Album,New
Crash Test Dummies,Mmmm Mmmm Mmmm Mmmm,God Shuffled His Feet,1993,Alternative Rock,Posted,CD,Good
Creedence Clearwater Revival,Wholl Stop the Rain,Cosmos Factory,1970,Rock,Posted,CD,Good
Creedence Clearwater Revival,Bad Moon Rising,Green River,1969,Rock,Posted,CassetteTape,Good
Creedence Clearwater Revival,Born on the Bayou,Bayou Country,1969,Rock,Posted,CassetteTape,Poor
Creedence Clearwater Revival,Hey Tonight,Pendulum,1970,Rock,Posted,Album,Fair 
Creedence Clearwater Revival,Proud Mary,Bayou Country,1969,Rock,Posted,CassetteTape,Good
Creedence Clearwater Revival,Have You Ever Seen The Rain?,Pendulum,1970,Rock,Posted,Album,Excellent
Danzig,Mother,Danzig,1988,Heavy Metal,Posted,Album,Fair 
David Bowie,Rebel Rebel,Diamond Dogs,1974,BritRock,Posted,CD,Good
David Bowie,Starman,The Rise and Fall of Ziggy Stardust and the Spiders from Mars,1972,BritRock,Posted,EightTrack,Fair 
David Bowie,Absolute Beginners,Absolute Beginners soundtrack,1986,BritRock,Posted,CD,New
David Bowie,Lets Dance,Lets Dance,1983,BritRock,Posted,CassetteTape,Fair 
David Bowie,"""Heroes""","""Heroes""",1977,BritRock,Posted,CD,Good
David Bowie,Sound and Vision,Low,1977,BritRock,Posted,CD,New
David Bowie and Mick Jagger,Dancing in the Street,Single,1985,BritRock,Posted,Album,Fair 
David Coverdale,The Last Note of Freedom,Days of Thunder soundtrack,1990,Rock,Posted,CD,Poor
Deep Purple,Burn,Burn,1974,BritRock,Posted,CD,New
Deep Purple,Woman From Tokyo,Who Do We Think We Are,1973,BritRock,Posted,Album,Good
Deep Purple,Strange Kind of Woman,Single,1971,BritRock,Posted,EightTrack,New
Deep Purple,Highway Star,Machine Head,1972,BritRock,Posted,Album,Excellent
Deep Purple,Smoke on the Water,Machine Head,1972,BritRock,Posted,CD,New
Deep Purple,Hush,Shades of Deep Purple,1968,BritRock,Posted,Album,Good
Def Leppard,Lets Get Rocked,Adrenalize,1992,Heavy Metal,Posted,Album,Fair 
Def Leppard,Animal,Hysteria,1987,Heavy Metal,Posted,Album,Poor
Derek and the Dominos,Layla,Layla and Other Assorted Love Songs,1970,BritRock,Posted,Album,Excellent
Dio,Rainbow in the Dark,Holy Diver,1983,Heavy Metal,Posted,CD,New
Dio,My Eyes,Lock Up the Wolves,1990,Heavy Metal,Posted,Album,Excellent
Dio,The Last in Line,The Last In Line,1984,Heavy Metal,Posted,Album,Fair 
Dio and Yngwie Malmsteen,Dream On,Tribute To Aerosmith: Not The Same Old Song,1999,Rock,Posted,CD,Poor
Dire Straits,Sultans of Swing,Dire Straits,1978,Rock,Posted,CD,Poor
Dire Straits,Money for Nothing,Brothers in Arms,1985,Rock,Posted,EightTrack,Good
Disturbed,The Sound of Silence,Immortalized,2015,Heavy Metal,Posted,Album,Poor
Doobie Brothers,Long Train Runnin,The Captain and Me,1973,Rock,Posted,Album,Poor
Doobie Brothers,Listen to the Music,Toulouse Street,1972,Rock,Posted,CD,Excellent
Dream Theater,Another Day,Images and Words,1992,Rock,Posted,Album,Excellent
Duran Duran,Save a prayer,Rio,1982,BritRock,Posted,Album,New
Eagles,Hotel California,Hotel California,1976,Rock,Posted,CassetteTape,Good
Echo and the Bunnymen,Bedbugs and Ballyhoo,Echo and the Bunnymen,1987,Alternative Rock,Posted,CassetteTape,Good
Echo and the Bunnymen,Lips Like Sugar,Echo and the Bunnymen,1987,Alternative Rock,Posted,Album,Excellent
Echo and the Bunnymen,The Killing Moon,Ocean Rain,1984,Alternative Rock,Posted,Album,Poor
Electric Light Orchestra,Rock n Roll Is King,Secret Messages,1983,Rock,Posted,Album,Fair 
Elton John,Crocodile Rock,Dont Shoot Me Im Only the Piano Player,1973,BritRock,Posted,Album,Fair 
Elvis Presley,A Little Less Conversation,Single,1968,Rock and Roll,Posted,CD,New
Elvis Presley,Blue Suede Shoes,Elvis Presley,1956,Rock and Roll,Posted,CD,Excellent
Elvis Presley,Dont Be Cruel,Single,1956,Rock and Roll,Posted,CD,Poor
Elvis Presley,Suspicious Minds,Single,1969,Rock and Roll,Posted,CD,Excellent
Emerson Lake and Palmer,Lucky Man,Emerson Lake and Palmer,1970,BritRock,Posted,EightTrack,New
Eric Clapton,Bad Love,Journeyman,1989,Blues Rock,Posted,CassetteTape,Fair 
Eric Clapton,Cocaine,Slowhand,1977,Blues Rock,Posted,Album,Excellent
Eric Clapton,I Shot the Sheriff,461 Ocean Boulevard,1974,BritRock,Posted,EightTrack,New
Eric Clapton,Tears in Heaven,Unplugged,1992,BritRock,Posted,CD,Excellent
Europe,Carrie,The Final Countdown,1986,Heavy Metal,Posted,EightTrack,Good
Europe,The Final Countdown,The Final Countdown,1986,Rock,Posted,Album,New
Eurythmics,Sweet Dreams Are Made of This,Sweet Dreams Are Made of This,1983,BritRock,Posted,Album,Poor
Extreme,More than words,Extreme II: Pornograffitti,1990,Rock,Posted,Album,New
Faith No More,Epic,The Real Thing,1989,Heavy Metal,Posted,Album,Excellent
Faith No More,Falling to Pieces,The Real Thing,1989,Rock,Posted,CD,Excellent
Fleetwood Mac,Dreams,RUMOURS,1977,Rock,Posted,CD,Fair 
Focus,Hocus Pocus,Focus II,1971,Rock,Posted,CassetteTape,Fair 
Foo Fighters,Everlong,The Colour and the Shape,1997,Alternative Rock,Posted,CassetteTape,Good
Foo Fighters,Breakout,There Is Nothing Left to Lose,1999,Alternative Rock,Posted,CD,Poor
Foo Fighters,Learn to Fly,There Is Nothing Left to Lose,1999,Alternative Rock,Posted,Album,Good
Foo Fighters,Times Like These,One by One,2002,Alternative Rock,Posted,CD,Fair 
Foo Fighters,Best of You,In Your Honor,2005,Alternative Rock,Posted,CD,Excellent
Foo Fighters,My Hero,The Colour and the Shape,1997,Alternative Rock,Posted,Album,Excellent
Foreigner,I Want to Know What Love is,Agent Provocateur,1984,Rock,Posted,CD,New
Frank Zappa,Bobby Brown Goes Down,Sheik Yerbouti,1979,Rock,Posted,CassetteTape,New
Franz Ferdinand,Walk Away,You Could Have It So Much Better,2005,Indie Rock,Posted,Album,Good
Franz Ferdinand,Take Me Out,Franz Ferdinand,2004,Indie Rock,Posted,Album,New
Free,Wishing Well,Heartbreaker,1973,BritRock,Posted,CD,Poor
Genesis,Mama,Genesis,1983,BritRock,Posted,Album,New
Genesis,The Carpet Crawlers,The Lamb Lies Down on Broadway,1974,BritRock,Posted,CassetteTape,Excellent
Genesis,Follow You Follow Me,And Then There Were Three,1978,BritRock,Posted,CD,Excellent
Genesis,Turn It On Again,Duke,1980,BritRock,Posted,Album,Fair 
George Harrison,My Sweet Lord,All Things Must Pass,1970,BritRock,Posted,Album,Good
George Thorogood and the Destroyers,Who do you love?,Move it on Over,1978,Blues Rock,Posted,EightTrack,Poor
Ghost,Square Hammer,Popestar,2016,Heavy Metal,Posted,Album,Fair 
Ghost,If You Have Ghosts,If You Have Ghost,2013,Heavy Metal,Posted,CassetteTape,Good
Ghost,He is,Meliora,2015,Rock,Posted,CassetteTape,Excellent
Grand Funk Railroad,The Loco-Motion,Shinin On,1974,Rock,Posted,Album,New
Grand Funk Railroad,Were an American Band,Were an American Band,1973,Rock,Posted,Album,Fair 
Green Day,Boulevard of Broken Dreams,American Idiot,2004,Alternative Rock,Posted,CassetteTape,Fair 
Green Day,Jesus of Suburbia,American Idiot,2004,Alternative Rock,Posted,CD,Poor
Green Day,Revolution Radio,Revolution Radio,2016,Alternative Rock,Posted,Album,Poor
Greta Van Fleet,Highway Tune,Black Smoke Rising and From the Fires,2017,Rock,Posted,CassetteTape,New
Greta Van Fleet,Talk on the Street,From the Fires,2017,Rock,Posted,CD,New
Guns N Roses,Welcome to the Jungle,Appetite for Destruction,1987,Rock,Posted,CD,Excellent
Guns N Roses,Sweet Child O Mine,Appetite for Destruction,1987,Rock,Posted,Album,Excellent
Heart,Barracuda,Little Queen,1977,Rock,Posted,Album,Poor
Iggy Pop,The Passenger,Lust for Life,1977,Punk,Posted,EightTrack,Fair 
Iggy Pop,Candy,Brick by Brick,1990,Rock,Posted,EightTrack,Excellent
Iron Maiden,The Trooper,Piece of Mind,1983,Heavy Metal,Posted,CD,Poor
Iron Maiden,Wasted Years,Somewhere in Time,1986,Heavy Metal,Posted,Album,Fair 
Iron Maiden,Fear of the Dark,Fear of the Dark,1992,Heavy Metal,Posted,Album,Poor
Iron Maiden,The Number of the Beast,The Number of the Beast,1982,Heavy Metal,Posted,CD,Good
James Brown,I Got You I Feel Good,I Got You I Feel Good,1965,Rock,Posted,CD,New
Janis Joplin,Me and Bobby McGee,Pearl,1971,Blues Rock,Posted,CD,Fair 
Janis Joplin,Mercedes Benz,Pearl,1972,Blues Rock,Posted,CD,Fair 
Jefferson Airplane,Somebody to Love,Surrealistic Pillow,1967,Rock,Posted,Album,Excellent
Jethro Tull,Aqualung,Aqualung,1971,BritRock,Posted,EightTrack,Fair 
Joe Cocker,With a Little Help From My Friends, With a Little Help From My Friends,1969,Blues Rock,Posted,EightTrack,Excellent
Joe Cocker,You Can Leave Your Hat On,Cocker,1986,Blues Rock,Posted,CD,Poor
Joey Ramone,What a Wonderful World,Dont Worry About Me,2002,Punk,Posted,CD,Fair 
Jon Bon Jovi,Blaze of Glory,Blaze of Glory,1990,Rock,Posted,EightTrack,Poor
Journey,Dont Stop Believin,Escape,1981,Rock,Posted,CD,New
Judas Priest,Breaking the Law,British Steel,1980,Heavy Metal,Posted,Album,New
Judas Priest,Turbo Lover,Turbo,1986,Rock,Posted,CassetteTape,Poor
Kansas,Carry On Wayward Son,Leftoverture,1976,Rock,Posted,Album,New
Kansas,Dust In The Wind,Point of Know Return,1977,Rock,Posted,CD,Poor
Kate Bush,Running Up That Hill A Deal with God,Hounds of Love,1985,BritRock,Posted,Album,Fair 
Kings of Leon,Sex on Fire,Only by the Night,2008,Rock,Posted,Album,Poor
KISS,I Was Made for Lovin You,Dynasty,1979,Rock,Posted,CD,New
KISS,Deuce,Kiss,1974,Rock,Posted,CD,Fair 
KISS,Forever,Hot in the Shade,1989,Rock,Posted,Album,New
KISS,God Gave Rock n Roll to You II,Revenge,1992,Rock,Posted,CD,Fair 
KISS,I Love It Loud,Creatures of the Night,1982,Rock,Posted,CD,Fair 
KISS,Lick It Up,Lick it Up,1983,Rock,Posted,Album,Good
KISS,Detroit Rock City,Destroyer,1976,Rock,Posted,EightTrack,New
Led Zeppelin,Over the Hills and Far Away,Houses of the Holy,1973,BritRock,Posted,Album,Fair 
Led Zeppelin,Tangerine,Led Zeppelin III,1970,BritRock,Posted,Album,Poor
Led Zeppelin,Dancing Days,Houses of the Holy,1973,BritRock,Posted,CassetteTape,Good
Led Zeppelin,Immigrant Song,Led Zeppelin III,1970,BritRock,Posted,CassetteTape,Poor
Led Zeppelin,Black Dog,Led Zeppelin IV,1971,BritRock,Posted,CD,Excellent
Led Zeppelin,Whole Lotta Love,Led Zeppelin II,1969,BritRock,Posted,CD,Good
Led Zeppelin,Stairway to Heaven,Led Zeppelin IV,1971,BritRock,Posted,Album,Fair 
Led Zeppelin,Kashmir,Physical Graffiti,1975,BritRock,Posted,CD,Poor
Lenny Kravitz,American Woman,5,1999,Rock,Posted,Album,Good
Limp Bizkit,Take a Look Around,Mission: Impossible 2 soundtrack,2000,Rock,Posted,Album,Poor
Linkin Park,Numb,Meteora,2003,Alternative Rock,Posted,CD,Good
Live,Operation Spirit The Tyranny of Tradition,Mental Jewelry,1991,Rock,Posted,CassetteTape,Poor
Living Colour,Type,Times Up,1990,Rock,Posted,Album,Fair 
Lynyrd Skynyrd,Simple Man,Pronounced,1973,Rock,Posted,Album,Poor
Lynyrd Skynyrd,Free Bird,Pronounced Lĕh-nérd Skin-nérd,1973,Rock,Posted,Album,Poor
Lynyrd Skynyrd,Sweet Home Alabama,Second Helping,1974,Rock,Posted,CD,Poor
Lynyrd Skynyrd,Preacher Man,Edge of Forever,1999,Rock,Posted,CassetteTape,Excellent
Lynyrd Skynyrd,That Smell,Street Survivors,1977,Rock,Posted,Album,Poor
Mamas and the Papas,California Dreamin,If You Can Believe Your Eyes and Ears,1966,Rock,Posted,CD,Good
Manowar,Call to Arms,Warriors of the World,2002,Heavy Metal,Posted,CD,Fair 
Men at Work,Down Under,Business as Usual,1981,Rock,Posted,CD,Excellent
Metallica,Fuel,Reload,1997,Heavy Metal,Posted,Album,Excellent
Metallica,The Unforgiven,Metallica,1991,Heavy Metal,Posted,Album,Excellent
Metallica,Enter Sandman,Metallica,1991,Heavy Metal,Posted,EightTrack,Excellent
Metallica,Nothing Else Matters,Metallica,1991,Heavy Metal,Posted,CD,New
Metallica,Master of Puppets,Master of Puppets,1986,Heavy Metal,Posted,Album,Poor
Metallica,Mama Said,Load,1996,Heavy Metal,Posted,Album,Excellent
Metallica,One,And Justice for All,1988,Heavy Metal,Posted,Album,Excellent
Mick Jagger,Just Another Night,Shes the Boss,1985,Rock,Posted,Album,Good
Midnight Oil,My Country,Earth and Sun and Moon,1993,Alternative Rock,Posted,CassetteTape,New
Midnight Oil,Beds are Burning,Diesel and Dust,1987,Alternative Rock,Posted,Album,Excellent
Midnight Oil,Back on the Borderline,Head Injuries,1979,Alternative Rock,Posted,CD,Poor
Midnight Oil,Blue Sky Mine,Blue Sky Mining,1990,Alternative Rock,Posted,CD,Good
Motley Crue,Home Sweet Home,Theatre of Pain,1985,Heavy Metal,Posted,CD,Excellent
Motorhead,Ace of Spades,Ace of Spades,1980,Heavy Metal,Posted,Album,Excellent
Motorhead,Louie Louie,Single,1978,Rock,Posted,CassetteTape,Excellent
Mr Big,Wild World,Bump Ahead,1993,Rock,Posted,CassetteTape,Good
Nazareth,Hair of the Dog,Hair of the Dog,1975,Heavy Metal,Posted,CD,Excellent
Nazareth,Love Hurts,Hair of the Dog,1975,Heavy Metal,Posted,CD,Fair 
Neil Young,Rockin in the Free World,Freedom,1989,Rock,Posted,Album,Poor
Nirvana,About a Girl,Bleach,1989,Grunge,Posted,EightTrack,Fair 
Nirvana,In Bloom,Nevermind,1991,Grunge,Posted,CassetteTape,Good
Nirvana,Sliver,Single,1990,Grunge,Posted,EightTrack,Fair 
Nirvana,Come as You Are,Nevermind,1991,Grunge,Posted,Album,Fair 
Nirvana,Smells Like Teen Spirit,Nevermind,1991,Grunge,Posted,Album,Poor
Nirvana,The Man Who Sold the World,MTV Unplugged in New York,1994,Grunge,Posted,CassetteTape,New
Oasis,Dont Look Back in Anger,Whats the Story Morning Glory?,1995,BritRock,Posted,CD,Poor
Oasis,Little by Little,Heathen Chemistry,2002,BritRock,Posted,CD,Good
Oasis,Supersonic,Definitely Maybe,1994,BritRock,Posted,CD,Good
Oasis,Champagne Supernova,Whats the Story Morning Glory?,1995,BritRock,Posted,CassetteTape,Good
Oasis,Live Forever,Definitely Maybe,1994,BritRock,Posted,CD,Poor
Oasis,Morning Glory,Whats the Story Morning Glory?,1995,BritRock,Posted,Album,New
Oasis,Wonderwall,Whats the Story Morning Glory?,1995,BritRock,Posted,CassetteTape,Good
Oasis,Stand by Me,Be Here Now,1997,BritRock,Posted,Album,Excellent
Ozzy Osbourne,Perry Mason,Ozzmossis,1995,Heavy Metal,Posted,Album,New
Ozzy Osbourne,Youre No Different,Bark at the Moon,1983,Heavy Metal,Posted,EightTrack,Excellent
Ozzy Osbourne,Mr Crowley,Blizzard of Ozz,1980,Heavy Metal,Posted,CD,Excellent
Ozzy Osbourne,No More Tears,No More Tears,1991,Heavy Metal,Posted,CD,New
Ozzy Osbourne,Crazy Train,Blizzard of Ozz,1980,Heavy Metal,Posted,Album,Poor
Ozzy Osbourne,Shot in the Dark,The Ultimate Sin,1986,Heavy Metal,Posted,Album,Good
Ozzy Osbourne,Mama Im Coming Home,No More Tears,1991,Heavy Metal,Posted,EightTrack,New
Ozzy Osbourne,I Just want You,Ozzmosis,1995,Heavy Metal,Posted,Album,New
Pantera,Cemetery Gates,Cowboys from Hell,1990,Heavy Metal,Posted,CD,Good
Paul McCartney and Wings,Live and Let Die,Live and Let Die soundtrack,1973,BritRock,Posted,EightTrack,Excellent
Pearl Jam,Last Kiss,No Boundaries: A Benefit for the Kosovar Refugees,1999,Grunge,Posted,EightTrack,Poor
Pearl Jam,Black,Ten,1991,Grunge,Posted,CD,Poor
Pearl Jam,Alive,Ten,1991,Grunge,Posted,EightTrack,Good
Pearl Jam,Even Flow,Ten,1991,Grunge,Posted,CD,Fair 
Peter Frampton,Im in You,Im in You,1977,BritRock,Posted,Album,Fair 
Peter Frampton,Baby I Love Your Way,Frampton Comes Alive,1976,BritRock,Posted,CD,New
Peter Frampton,Breaking All the Rules,Breaking All the Rules,1981,BritRock,Posted,CD,Poor
Peter Frampton,Do You Feel Like We Do,Frampton Comes Alive,1976,BritRock,Posted,CD,Fair 
Peter Frampton,Show Me the Way,Frampton Comes Alive,1976,BritRock,Posted,EightTrack,Fair 
Peter Gabriel,Mercy Street,So,1986,BritRock,Posted,CD,Poor
Peter Gabriel,Sledgehammer,So,1986,BritRock,Posted,Album,Fair 
Peter Gabriel,Solsbury Hill,Car,1977,BritRock,Posted,EightTrack,Good
Peter Schilling,Major Tom Coming Home,Error in the System,1983,Rock,Posted,CD,Fair 
Pink Floyd,Take It Back,The Division Bell,1994,Rock,Posted,CassetteTape,Good
Pink Floyd,Wish You Were Here,Wish You Were Here,1975,Rock,Posted,EightTrack,Poor
Pink Floyd,The Happiest Days of Our Lives Another Brick in the Wall Part II,The Wall,1979,Rock,Posted,CD,Poor
Pink Floyd,Run Like Hell,The Wall,1979,Rock,Posted,Album,New
Pink Floyd,Time,Dark Side of the Moon,1973,Rock,Posted,CD,Fair 
Pink Floyd,Money,Dark Side of the Moon,1973,Rock,Posted,Album,Good
Pink Floyd,Comfortably Numb,The Wall,1979,Rock,Posted,Album,New
Queen,Somebody to Love,A Day at the Races,1976,BritRock,Posted,Album,Good
Queen,Bohemian Rhapsody,A Night at the Opera,1975,BritRock,Posted,Album,Good
Queen,Another One Bites the Dust,The Game,1980,BritRock,Posted,EightTrack,Good
Queen,We Will Rock You,News of the World,1977,BritRock,Posted,CassetteTape,New
Queen,Dont Stop me Now,Jazz,1978,BritRock,Posted,Album,Good
Queen,Love of My Life,A Night at the Opera,1975,BritRock,Posted,CassetteTape,New
Queen,Radio Ga Ga,The Works,1984,BritRock,Posted,Album,Poor
Queen,We Are The Champions,News of the World,1977,BritRock,Posted,CD,New
Queen,Bicycle Race,Jazz,1978,BritRock,Posted,CD,Good
Queen and David Bowie,Under Pressure,Hot Space,1982,BritRock,Posted,Album,Poor
Queensryche,Silence Lucidity,Empire,1990,Heavy Metal,Posted,Album,Poor
Quiet Riot,Cum on Feel the Noize,Metal Health,1983,Rock,Posted,Album,Poor
Rage Against the Machine,Killing in the Name,Rage Against the Machine,1992,Heavy Metal,Posted,CD,Good
Rainbow,Stargazer,Rising,1976,Rock,Posted,Album,Poor
Rainbow,Man on the Silver Mountain,Ritchie Blackmores Rainbow,1975,Rock,Posted,EightTrack,Fair 
Rainbow,Long Live Rock n Roll,Long Live Rock n Roll,1978,Rock,Posted,CassetteTape,Fair 
Ramones,Rock n Roll High School,End of the Century,1980,Punk,Posted,Album,New
Ramones,Blitzkrieg Bop,Ramones,1976,Punk,Posted,CD,New
Ramones,Substitute,Acid Eaters,1993,Punk,Posted,Album,New
Ramones,Sheena Is a Punk Rocker,Rocket to Russia,1977,Punk,Posted,EightTrack,Good
Ramones,Pet Sematary,Brain Drain,1989,Punk,Posted,CassetteTape,Excellent
Ramones,Poison Heart,Mondo Bizarro,1992,Punk,Posted,CassetteTape,Poor
Ramones,Ramona,Rocket to Russia,1977,Punk,Posted,EightTrack,Poor
Ramones,Surfin Bird,Rocket to Russia,1977,Punk,Posted,EightTrack,Good
Red Hot Chili Peppers,Breaking the Girl,Blood Sugar Sex Magik,1991,Alternative Rock,Posted,Album,Excellent
Red Hot Chili Peppers,Aeroplane,One Hot Minute,1995,Alternative Rock,Posted,Album,Fair 
Red Hot Chili Peppers,By the Way,By the Way,2002,Alternative Rock,Posted,Album,Good
Red Hot Chili Peppers,Around the World,Californication,1999,Alternative Rock,Posted,Album,New
REM,Losing My Religion,Out of Time,1991,Indie Rock,Posted,CD,New
Robert Plant,29 Palms,Fate of Nations,1993,BritRock,Posted,CassetteTape,Fair 
Rod Stewart,Da Ya Think I’m Sexy?,Blondes Have More Fun,1978,BritRock,Posted,EightTrack,Poor
Roy Orbison,Oh Pretty Woman,Single,1964,Rock and Roll,Posted,EightTrack,Excellent
Rush,Nobodys Hero,Counterparts,1993,Rock,Posted,Album,New
Rush,Xanadu,A Farewell to Kings,1977,Rock,Posted,EightTrack,Excellent
Rush,Fly By Night,Fly By Night,1975,Rock,Posted,CD,Excellent
Rush,Limelight,Moving Pictures,1981,Rock,Posted,CD,Fair 
Rush,The Spirit of Radio,Permanent Waves,1980,Rock,Posted,CassetteTape,Poor
Rush,Tom Sawyer,Moving Pictures,1981,Rock,Posted,EightTrack,New
Santana,Evil Ways,Santana,1969,Rock,Posted,CD,Excellent
Savatage,Edge of Thorns,Edge of Thorns,1993,Heavy Metal,Posted,Album,Fair 
Scorpions,Still Loving You,Comeblack,2011,Heavy Metal,Posted,Album,Poor
Scorpions,Big City Nights,Love at First Sting,1984,Heavy Metal,Posted,CD,Fair 
Scorpions,Rock You Like a Hurricane,Comeblack,2011,Heavy Metal,Posted,CD,New
Scorpions,Wind of Change 2011 version,Comeblack,2011,Heavy Metal,Posted,CD,New
Sepultura,Bullet the Blue Sky,Roorback,2003,Heavy Metal,Posted,CD,Fair 
Sex Pistols,God Save the Queen,Never Mind the Bollocks Heres the Sex Pistols,1977,Punk,Posted,EightTrack,Excellent
Simple Minds,Dont You Forget About Me,The Breakfast Club Original Motion Picture Soundtrack,1985,Rock,Posted,CD,Fair 
Skid Row,18 and Life,Skid Row,1989,Heavy Metal,Posted,CD,New
Slade,My Oh My,The Amazing Kamikaze Syndrome,1983,Rock,Posted,EightTrack,Fair 
Slade,How Does it Feel,Slade in Flame,1974,Rock,Posted,EightTrack,Poor
Social Distortion,Zombie,Somewhere Between Heaven and Hell,1992,Alternative Rock,Posted,Album,Excellent
Soundgarden,The Day I Tried do Live,Superunknown,1994,Alternative Rock,Posted,EightTrack,Fair 
Steely Dan,Do it Again,Cant Buy a Thrill,1972,Rock,Posted,Album,Fair 
Steppenwolf,Born to Be Wild,Steppenwolf,1968,Rock,Posted,Album,Fair 
Steve Miller Band,Jet Airliner,Book of Dreams,1977,Blues Rock,Posted,CD,Fair 
Stone Temple Pilots,Plush,Core,1992,Grunge,Posted,Album,Poor
Stone Temple Pilots,Between the Lines,Stone Temple Pilots,2010,Grunge,Posted,CD,Excellent
Stray Cats,Gene and Eddie,Single,1989,Rockabilly,Posted,CassetteTape,Poor
Stray Cats,I Fought the Law,Original Cool,1993,Rockabilly,Posted,Album,Excellent
Supertramp,Goodbye Stranger,Breakfast in America,1979,BritRock,Posted,CassetteTape,Fair 
Supertramp,Breakfast in America,Breakfast in America,1979,BritRock,Posted,Album,Good
Supertramp,The Logical Song,Breakfast in America,1979,Rock,Posted,Album,Poor
Supertramp,Dreamer,Crime of the Century,1974,BritRock,Posted,CassetteTape,Excellent
Survivor,Eye of the Tiger,Eye of the Tiger,1982,Rock,Posted,CD,Good
Suzi Quatro,48 Crash,Suzi Quatro,1973,Rock,Posted,Album,New
Sweet,Ballroom Blitz,Desolation Boulevard,1974,Rock,Posted,Album,Good
System of a Down,Chop Suey,Toxicity,2001,Heavy Metal,Posted,EightTrack,Excellent
T Rex,Get it on Bang a Gong,Electric Warrior,1971,Rock,Posted,CD,Good
Talking Heads,Psycho Killer,Talking Heads: 77,1977,Rock,Posted,EightTrack,New
Talking Heads,Love For Sale,True Stories,1986,Rock,Posted,CD,Good
Tears for Fears,Everybody Wants to Rule the World,Songs from the Big Chair,1985,Rock,Posted,CassetteTape,Excellent
Ten Years After,Id Love to Change the World,A Space in Time,1971,Blues Rock,Posted,Album,Fair 
The Alan Parsons Project,Eye In The Sky,Eye in the Sky,1982,BritRock,Posted,CD,New
The Animals,The House of the Rising Sun,The Animals,1964,BritRock,Posted,CD,Poor
The B-52s,Legal Tender,Whammy,1983,BritRock,Posted,Album,Fair 
The Bangles,Walk Like an Egyptian,Different Light,1986,Rock,Posted,EightTrack,Excellent
The Beach Boys,Barbara Ann,Beach Boys Party,1965,Rock,Posted,CD,Fair 
The Beach Boys,Surfin USA,Surfin USA,1963,Rock,Posted,CD,Poor
The Beatles,Helter Skelter,The Beatles,1968,BritRock,Posted,CD,Good
The Beatles,A Hard Days Night,A Hard Days Night,1964,BritRock,Posted,EightTrack,Good
The Beatles,All My Loving,With the Beatles,1963,BritRock,Posted,Album,New
The Beatles,She Loves You,Single,1963,BritRock,Posted,Album,New
The Beatles,Day Tripper,Single,1965,BritRock,Posted,Album,Good
The Beatles,Drive My Car,Rubber Soul,1965,BritRock,Posted,Album,Poor
The Beatles,Hey Jude,Single,1968,BritRock,Posted,Album,Fair 
The Beatles,Help,Help,1965,BritRock,Posted,CD,Fair 
The Beatles,All You Need is Love,Single,1967,BritRock,Posted,Album,Fair 
The Beatles,Something,Abbey Road,1969,BritRock,Posted,CD,Excellent
The Beatles,Back in the USSR,White Album,1968,BritRock,Posted,EightTrack,New
The Beatles,Cant Buy Me Love,A Hard Days Night,1964,BritRock,Posted,Album,New
The Beatles,Twist and Shout,Please Please Me,1963,BritRock,Posted,CD,Good
The Beatles,Yesterday,Help,1965,BritRock,Posted,EightTrack,Poor
The Black Crowes,Remedy,The Southern Harmony and Musical Companion,1992,Rock,Posted,Album,New
The Blues Brothers,Sweet Home Chicago,The Blues Brothers: Original Soundtrack Recording,1980,Blues Rock,Posted,EightTrack,Fair 
The Bolshoi,Sunday Morning,Friends,1986,Rock,Posted,CD,Poor
The Clash,Police and Thieves,The Clash,1977,Punk,Posted,CD,Good
The Clash,London Calling,London Calling,1979,Punk,Posted,Album,Poor
The Clash,Londons Burning,The Clash,1977,Punk,Posted,CD,Poor
The Clash,Police on my Back,Sandinista,1980,Punk,Posted,CassetteTape,Good
The Clash,Spanish Bombs,London Calling,1979,Punk,Posted,Album,Good
The Clash,Lost in the Supermarket,London Calling,1979,Punk,Posted,CD,Good
The Clash,I Fought the Law,The Cost of Living,1979,Punk,Posted,EightTrack,Fair 
The Cranberries,Zombie,No Need to Argue,1994,Alternative Rock,Posted,Album,Good
The Cult,Big Neon Glitter,Love,1985,Alternative Rock,Posted,Album,Fair 
The Cult,Nirvana,Love,1985,Alternative Rock,Posted,CD,Good
The Cult,She Sells Sanctuary,Love,1985,Alternative Rock,Posted,CD,Excellent
The Cult,Revolution,Love,1985,Rock,Posted,EightTrack,Poor
The Cure,Friday Im in love,Wish,1992,Indie Rock,Posted,CD,Good
The Cure,Boys Dont Cry,Boys Dont Cry,1979,Indie Rock,Posted,EightTrack,Poor
The Cure,The Caterpillar,The Top,1984,Indie Rock,Posted,EightTrack,Poor
The Darkness,I Believe in a Thing Called Love,Permission to Land,2003,Rock,Posted,CassetteTape,Excellent
The Doors,LA Woman,LA Woman,1971,Rock,Posted,Album,New
The Doors,Roadhouse Blues,Morrison Hotel,1970,Rock,Posted,CD,Excellent
The Doors,Love Me Two Times,Strange Days,1967,Rock,Posted,CassetteTape,Excellent
The Doors,People Are Strange,Strange Days,1967,Rock,Posted,Album,Good
The Doors,Touch Me,The Soft Parade,1968,Rock,Posted,CD,Poor
The Doors,Light My Fire,The Doors,1967,Rock,Posted,CassetteTape,Fair 
The Guess Who,American Woman,American Woman,1970,Rock,Posted,Album,Excellent
The Guess Who,No Time,American Woman,1970,Rock,Posted,CD,Excellent
The Hollies,He Aint Heavy Hes My Brother,Single,1969,Rock,Posted,Album,Excellent
The Jimi Hendrix Experience,Hey Joe,Are You Experienced,1967,BritRock,Posted,CD,New
The Jimi Hendrix Experience,Foxy Lady,Are You Experienced,1967,BritRock,Posted,CassetteTape,Fair 
The Jimi Hendrix Experience,Fire,Are You Experienced,1967,BritRock,Posted,CD,Excellent
The Jimi Hendrix Experience,Purple Haze,Are You Experienced,1967,BritRock,Posted,Album,New
The Jimi Hendrix Experience,Crosstown Traffic,Electric Ladyland,1968,BritRock,Posted,CassetteTape,Excellent
The Killers,Runaways,Battle Born,2012,Rock,Posted,Album,Fair 
The Kinks,You Really Got Me,Kinks,1964,BritRock,Posted,Album,Good
The Offspring,Original Prankster,Conspiracy of One,2000,Punk,Posted,Album,New
The Outfield,Your Love,Play Deep,1985,Rock,Posted,Album,Excellent
The Police,Spirits in the Material World,Ghost in the Machine,1981,BritRock,Posted,Album,Good
The Police,Every Little Thing She Does is Magic,Ghost in the Machine,1981,BritRock,Posted,CD,Fair 
The Rolling Stones,Gimme Shelter,Let It Bleed,1969,BritRock,Posted,CD,Excellent
The Rolling Stones,Start Me Up,Tattoo You,1981,BritRock,Posted,Album,New
The Rolling Stones,Dont Stop,Forty Licks,2002,BritRock,Posted,CD,Excellent
The Rolling Stones,Jumpin Jack Flash,Single,1968,BritRock,Posted,Album,Excellent
The Rolling Stones,Brown Sugar,Sticky Fingers,1971,BritRock,Posted,Album,Good
The Rolling Stones,Like a Rolling Stone,Stripped,1995,BritRock,Posted,Album,New
The Rolling Stones,I Cant Get No Satisfaction,Out of Our Heads,1965,BritRock,Posted,EightTrack,Good
The Rolling Stones,Miss You,Some Girls,1978,BritRock,Posted,Album,Fair 
The Rolling Stones,Emotional Rescue,Emotional Rescue,1980,BritRock,Posted,Album,Fair 
The Rolling Stones,Shes so Cold,Emotional Rescue,1980,BritRock,Posted,CD,Good
The Smiths,Ask,Single,1986,Indie Rock,Posted,Album,Excellent
The Struts,Primadonna Like Me,The Struts,2018,Rock,Posted,Album,Good
The Verve,Bitter Sweet Symphony,Urban Hymns,1997,BritRock,Posted,EightTrack,Good
The White Stripes,Seven Nation Army,Elephant,2003,Alternative Rock,Posted,CassetteTape,Poor
The Who,Substitute,Single,1966,BritRock,Posted,Album,Excellent
The Who,Pinball Wizard,Tommy,1969,BritRock,Posted,CassetteTape,Fair 
The Who,Behind Blue Eyes,Whos Next,1971,BritRock,Posted,CD,Fair 
The Who,Baba ORiley,Whos Next,1971,BritRock,Posted,Album,Poor
The Who,My Generation,My Generation,1965,BritRock,Posted,Album,Good
The Who,I Cant Explain,Single,1965,BritRock,Posted,CD,Good
The Who,Magic Bus,Single,1968,BritRock,Posted,EightTrack,Good
The Wonders,That Thing You Do,That Thing You Do: Original Motion Picture Soundtrack,1996,Rock,Posted,CD,Fair 
Thin Lizzy,Whiskey in the Jar,Vagabonds of the Western World,1973,Rock,Posted,Album,Poor
Thin Lizzy,Wild One,Fighting,1975,Rock,Posted,CassetteTape,Excellent
Thin Lizzy ,The Boys Are Back in Town,Jailbreak,1976,Rock,Posted,CassetteTape,Excellent
Three Dog Night,Three Dog Night,Naturally,1970,Rock,Posted,CassetteTape,New
Three Dog Night,Mama Told Me Not to Come,It Aint Easy,1970,Rock,Posted,Album,New
Tom Petty and the Heartbreakers,American Girl,Tom Petty and the Heartbreakers,1976,Rock,Posted,Album,New
Tommy James and the Shondells,Crimson and Clover,Crimson and Clover,1968,Rock,Posted,EightTrack,Poor
Tommy Tutone,867-5309 Jenny,Tommy Tutone 2,1981,Rock,Posted,CassetteTape,New
Toy Dolls,James Bond Lives Down Our Street,Single,1985,Punk,Posted,CassetteTape,Excellent
Twisted Sister,Were Not Gonna Take It,Stay Hungry,1984,Heavy Metal,Posted,EightTrack,Fair 
Twisted Sister,I Wanna Rock,Stay Hungry,1984,Heavy Metal,Posted,Album,Excellent
U2,Bad,The Unforgettable Fire,1984,Rock,Posted,CD,New
U2,I Still Havent Found What Im Looking For,The Joshua Tree,1987,Rock,Posted,CassetteTape,Fair 
U2,Beautiful Day,All That You Cant Leave Behind,2000,Rock,Posted,Album,Excellent
U2,With or Without You,The Joshua Tree,1987,Rock,Posted,Album,Good
U2,One,Achtung Baby,1991,Rock,Posted,Album,Poor
U2,Pride in the Name of Love,The Unforgettable Fire,1984,Rock,Posted,CD,Poor
U2,New Years Day,War,1983,Rock,Posted,CassetteTape,Poor
U2,Sunday Bloody Sunday,War,1983,Rock,Posted,Album,New
UFO,Doctor Doctor,Phenomenon,1974,Rock,Posted,Album,Poor
UFO,Love Lost Love,Force it,1975,Rock,Posted,Album,Poor
Uriah Heep,Easy Livin,Demons and Wizards,1972,Rock,Posted,Album,Good
Van Halen,Dreams,5150,1986,Rock,Posted,CassetteTape,Fair 
Van Halen,Panama,,1984,Rock,Posted,CassetteTape,Good
Van Halen,Runnin with the Devil,Van Halen,1978,Rock,Posted,CD,Poor
Van Halen,When its love,OU812,1988,Rock,Posted,Album,New
Van Halen,Aint Talkin Bout Love,Van Halen I,1978,Rock,Posted,Album,Excellent
Van Halen,Not Enough,Balance,1995,Rock,Posted,EightTrack,New
Van Halen,Right Now,For Unlawful Carnal Knowledge,1991,Rock,Posted,CassetteTape,Poor
Van Halen,Dance the Night Away,Van Halen II,1979,Rock,Posted,Album,New
Van Halen,Cant Stop Lovin You,Balance,1995,Rock,Posted,Album,Good
Van Halen,Why Cant This Be Love,5150,1986,Rock,Posted,Album,Excellent
Van Halen,Jump,,1984,Rock,Posted,Album,Fair 
Van Halen,Ill Wait,1984,1984,Rock,Posted,Album,Fair 
Volbeat,Heaven nor Hell,Beyond Hell Above Heaven,2010,Rock,Posted,Album,New
Whitesnake,Now Youre Gone,Slip of the Tongue,1989,Rock,Posted,CassetteTape,Poor
Whitesnake,Here I Go Again,Whitesnake,1987,Rock,Posted,EightTrack,New
Whitesnake,Guilty of Love,Slide It In,1984,Rock,Posted,CassetteTape,Fair 
Whitesnake,Love Aint No Stranger,Slide It In,1984,Rock,Posted,Album,Fair 
Whitesnake,Is this Love,Whitesnake,1987,Rock,Posted,CD,New
Yes,I Am Waiting,Talk,1994,BritRock,Posted,CD,New
Yes,Sweet Dreams,Time and a Word,1970,BritRock,Posted,CassetteTape,Good
Yes,Soon Single Version,Relayer,1974,BritRock,Posted,Album,Excellent
Yes,Changes,90125,1983,BritRock,Posted,EightTrack,Fair 
Yes,Love will find a way,Big Generator,1987,BritRock,Posted,CassetteTape,New
Yes,Roundabout,Fragile,1971,BritRock,Posted,CD,Excellent
Yes,Wonderous Stories,Going for the One,1977,BritRock,Posted,Album,Good
Yes,Leave it,90125,1983,BritRock,Posted,CassetteTape,Poor
Yes,Owner of a Lonely Heart,,1983,BritRock,Posted,Album,Excellent
ZZ Top,Legs,Eliminator,1983,Blues Rock,Posted,CD,New
ZZ Top,Sharp Dressed Man,Eliminator,1983,Blues Rock,Posted,Album,Poor
ZZ Top,La Grange,Tres Hombres,1973,Blues Rock,Posted,CassetteTape,Poor
